sequence,plasmid,inA,inB,posA,posB,ntLen,aa_seq,dist_codon,mut_codon,mut_codonWob,mutcod_index,mut_aa,plasmid_norm,inA_norm,inB_norm,posA_norm,posB_norm,inAvPlasmid,inBvPlasmid,enrichA,enrichB,invPlasmidAvg,enrichAvg,invPlasmidStDev,enricRhtdDev
CAGGCACCAGGGACATTATTTACGTTTCCGTCACTCACG,363994,82932,91218,28741,175711,39,QAPGTLFTFPSLT,0,NA,NA,NA,NA,33739.68698,18575.16489,19402.89999,6683.156172,46364.445,0.051031514,0.053305549,0.359789871,2.389562644,0.052168531,1.374676257,0.001607986,1.435266092
CAGGCACCAGGGACATTATTTACGTTTCCCTCACTCACG,36652,12249,5468,3259,2236,39,QAPGTLFTFPSLT,1,CCC,C,341,P,3397.382944,2743.539222,1163.093437,757.8165675,590.0080189,0.074853738,0.031733423,0.276218602,0.507274824,0.053293581,0.391746713,0.030490667,0.163381422
CAGGCACCAGGGACATTATTTACGTTTCCGTCACTCACC,33425,10035,10904,2232,1614,39,QAPGTLFTFPSLT,1,ACC,C,344,T,3098.262711,2247.646019,2319.380183,519.0078486,425.8823536,0.067244458,0.069390581,0.230911738,0.183619036,0.06831752,0.207265387,0.001517538,0.03344099
CAGGCACCAGGGACCTTATTTACGTTTCCGTCACTCACG,31563,8958,13886,1318,2137,39,QAPGTLFTFPSLT,1,ACC,C,336,T,2925.668391,2006.418838,2953.678762,306.4750647,563.8851236,0.063568699,0.093580419,0.152747302,0.190909428,0.078574559,0.171828365,0.021221491,0.026984698
CAGGCACCAGGCACATTATTTACGTTTCCGTCACTCACG,30335,4166,6179,1528,1205,39,QAPGTLFTFPSLT,1,GGC,C,335,G,2811.841416,933.1034694,1314.329617,355.3064483,317.9604932,0.030759963,0.043327167,0.38077926,0.241918381,0.037043565,0.31134882,0.008886356,0.098189469
CAGGCACCAGGGACACTCTTTACGTTTCCGTCACTCACG,28542,12595,12989,1272,1937,39,QAPGTLFTFPSLT,1,CTC,C,337,L,2645.642911,2821.036533,2762.878686,295.7786664,511.1115978,0.098838082,0.096800458,0.104847514,0.184992414,0.09781927,0.144919964,0.001440817,0.056671003
CAGGCACCAGGGACATTATTTACGTTTCCGTCGCTCACG,27544,6790,7755,2940,1565,39,QAPGTLFTFPSLT,1,TCG,G,342,S,2553.135321,1520.828746,1649.559182,683.6393705,412.9528397,0.05521452,0.059888149,0.449517654,0.25034133,0.057551335,0.349929492,0.003304755,0.140838929
CAGGCACCAGGGACATTATTTACGTTTCCGAGCCTCACG,27165,19877,17729,2836,2142,39,QAPGTLFTFPSLT,1,AGC,C,342,S,2518.004684,4452.063769,3771.119888,659.4562091,565.2044618,0.163889703,0.138822746,0.148123711,0.149877087,0.151356224,0.149000399,0.017725015,0.001239823
CAGGCACCAGGGACGTTATTTACGTTTCCGTCACTCACG,27060,4660,4884,687,1643,39,QAPGTLFTFPSLT,1,ACG,G,336,T,2508.271921,1043.74992,1038.871314,159.7483835,433.5345148,0.03857169,0.038391401,0.153052355,0.41731301,0.038481545,0.285182682,0.000127483,0.186860501
CAGGCACCAGGGACATTATTTACCTTTCCGTCACTCACG,26994,5249,6738,1754,756,39,QAPGTLFTFPSLT,1,ACC,C,339,T,2502.154185,1175.674535,1433.234012,407.8583183,199.4839277,0.04355318,0.05309454,0.346914309,0.139184478,0.04832386,0.243049393,0.006746761,0.146887172
CAGGCACCGGGGACATTATTTACGTTTCCGTCACTCACG,26676,7844,14545,1496,1966,39,QAPGTLFTFPSLT,1,CCG,G,334,P,2472.677818,1756.904372,3093.854068,347.8654756,518.763759,0.065860863,0.115978935,0.197999095,0.167675575,0.090919899,0.182837335,0.035438829,0.021441967
CAGGCACCCGGGACATTATTTACGTTTCCGTCACTCACG,26410,14169,13801,2972,3013,39,QAPGTLFTFPSLT,1,CCC,C,334,P,2448.021487,3173.582107,2935.598487,691.0803432,795.0331668,0.120165926,0.111154808,0.217760348,0.2708249,0.115660367,0.244292624,0.006371822,0.037522305
CAGGCACCAGGGACACTGTTTACGTTTCCGTCACTCACG,26315,4597,5372,549,1205,39,QAPGTLFTFPSLT,1,CTG,G,337,L,2439.215654,1029.639138,1142.673362,127.6591886,317.9604932,0.039127461,0.04342289,0.123984398,0.278260178,0.041275176,0.201122288,0.003037327,0.10908945
CAGGCACCAGGGACATTGTTTACGTTTCCGTCACTCACG,25793,6989,7094,1217,780,39,QAPGTLFTFPSLT,1,TTG,G,337,L,2390.829921,1565.4009,1508.958457,282.9894945,205.8167508,0.06069092,0.058502635,0.180777649,0.136396565,0.059596777,0.158587107,0.001547351,0.031382165
CAGGCACCAGGGACATTATTTACGTTTCCGTCATTGACG,25071,5612,3075,794,745,39,QAPGTLFTFPSLT,1,TTG,G,343,L,2323.905593,1256.979518,654.0805266,184.6291361,196.5813838,0.050136792,0.026089128,0.14688317,0.30054615,0.03811296,0.22371466,0.017004266,0.108656135
CAGGCACCAGGGACATTATTTACGTTTCCGTCACTGACG,24929,10287,9502,3895,3126,39,QAPGTLFTFPSLT,1,CTG,G,343,L,2310.74319,2304.089148,2021.162004,905.7059007,824.8502089,0.092426056,0.081076738,0.39308631,0.408106924,0.086751397,0.400596617,0.00802518,0.010621178
CAGGCACCAGGGACATTATTTACGTTTCCGTCCCTCACG,23203,1629,3108,979,598,39,QAPGTLFTFPSLT,1,TCC,C,342,S,2150.755114,364.8645107,661.0999273,227.6472598,157.7928423,0.015724885,0.028492002,0.623922725,0.238682287,0.022108444,0.431302506,0.009027715,0.272406126
CAGGCCCCAGGGACATTATTTACGTTTCCGTCACTCACG,22980,2571,2641,311,636,39,QAPGTLFTFPSLT,1,GCC,C,333,A,2130.08458,575.8543015,561.7647709,72.31695381,167.8198122,0.025058934,0.024445812,0.125582033,0.298736804,0.024752373,0.212159418,0.000433542,0.122438913
CAGGCGCCAGGGACATTATTTACGTTTCCGTCACTCACG,22293,7137,9001,1563,650,39,QAPGTLFTFPSLT,1,GCG,G,333,A,2066.404506,1598.550039,1914.594738,363.4450123,171.513959,0.071706367,0.085883225,0.227359171,0.089582383,0.078794796,0.158470777,0.010024553,0.097422901
CAGGCACCAGGGACATTATTCACGTTTCCGTCACTCACG,19856,3526,3103,1125,638,39,QAPGTLFTFPSLT,1,TTC,C,338,F,1840.511725,789.7558409,660.0363818,261.5966979,168.3475474,0.039774166,0.033241155,0.331237434,0.255057982,0.036507661,0.293147708,0.004619536,0.053867007
CAGGCACCAGGGACATTATTTACGTTCCCGTCACTCACG,18036,7302,6713,512,998,39,QAPGTLFTFPSLT,1,TTC,C,340,F,1671.810509,1635.506849,1427.916284,119.0555638,263.339894,0.090680131,0.079170342,0.072794292,0.184422502,0.084925237,0.128608397,0.00813865,0.078933064
,,,,,,,,,,,,,,,,,,,,,,,,,
,,,,,,,,,,,,,,,,,,,,EXCLUDE FULL WT,,,,,
,,,,,,,,,,,,,,,,,,,,A,B,All ,,,
,,,,,,,,,,,,,,,,,,,A,0.244224953,0.244686112,0.244455533,,,
,,,,,,,,,,,,,,,,,,,SD,0.138853682,0.104917185,0.121473156,,,
,,,,,,,,,,,,,,,,,,,A-2SD,-0.03348241,0.034851741,,,,
,,,,,,,,,,,,,,,,,,,A+2SD,0.521932317,0.454520482,0.487401845,,,