"Position","G","P","A","I","L","V","F","W","Y","M","C","S","T","N","Q","H","K","R","D","E","*"
"Q332",0.0893693999752473,0.114503214705355,0.0409953120023957,0.112386132397651,0.0900913345338128,0.129611934775538,0.0679239941005271,0.134696685289721,0.185440131379943,0.0516137564185282,0.0762821463308118,0.155150500977784,0.0661696961554372,0.0347821417872251,0.0521685314592419,0.0895541296935404,0.043584777740852,0.0963628729068634,0.196878031550896,0.0520721345134909,0.0280663112154099
"A333",0.099890896733342,0.0864997864945408,0.0517735846281347,0.0749269218287951,0.104444781355824,0.126195333662999,0.136783284812879,0.370518031423119,0.0385756873520077,0.0842789685820116,0.0506527488605699,0.241539485072914,0.0657360330586474,0.0524194740817424,0.0588628390297273,0.041683332898114,0.0474456600889741,0.0957403503234569,0.0402911593696017,0.123688246831194,0.0139727281746163
"P334",0.106877995762711,0.103290132979431,0.0658451229625591,0.108297810286309,0.179452041116176,0.107479325384846,0.0372352888427384,0.0512286718511436,0.132955270118963,0.0292298086443786,0.0583783385012995,0.311915297915455,0.344936791124748,0.0333295956961477,0.0468307534728547,0.024129904257794,0.0374730584036232,0.145175009708841,0.0505951490098647,0.0171798861952001,0.0370347611091688
"G335",0.0370435649725579,0.0510617564806575,0.229851794638236,0.0251792583256441,0.0950571289679875,0.0519885441675548,0.0400444598826916,0.0689450150434796,0.0438441039994808,0.0401879587737466,0.0483301281209726,0.0549524572507233,0.0877824583015985,0.00523783734860406,0.0784122480224979,0.047284655316784,0.0264914133436034,0.268387074568232,0.0170994841553401,0.0325246679929925,0.244235195423742
"T336",0.101322147219655,0.216686539221772,0.0706077050712714,0.0721694087429734,0.118824126863979,0.389546501912214,0.197195040857987,0.051395014855587,0.124569719633495,0.0431509721790366,0.099081501602622,0.0542529196663942,0.0585280520837655,0.0283652445764599,0.0649072506812905,0.245531471826687,0.273516615404568,0.0586953468616784,0.158968991039024,0.0370391156193586,0.0401082563593898
"L337",0.114542271975798,0.0388695897838194,0.0696229722324546,0.0533522225198261,0.0662304077671589,0.0864393667812744,0.0658110248004373,0.0580722198109419,0.132933299385111,0.0252484585309989,0.0524147552789981,0.0674719894574637,0.0425474601414236,0.0684360133637773,0.0213154899142307,0.0707119619516673,0.122939143986186,0.0793571763194991,0.0589086579768839,0.0910385410352123,0.00711290711209718
"F338",0.0486047260258173,0.0682853703493409,0.13177677116122,0.0384289890476696,0.0501444947408124,0.0338741472913088,0.0365076607241847,0.0434284391781436,0.0630485797162007,0.227127436439036,0.0496216103039115,0.106998361997801,0.0529422605742284,0.0515753196229286,0.142306141150037,0.0200704529836735,0.109716548307324,0.0712026168094452,0.0406778829672556,0.166250896906191,0.0153368703120412
"T339",0.0731587601683807,0.075515645586422,0.750529236907981,0.713112449362862,0.314555935117715,0.0844199626731024,0.411499163445388,0.0402585543391122,0.0423409092124388,0.079666283436,0.0499817897635677,0.139607117158258,0.048323859875204,0.05700383981048,0.132660347465755,0.0838573124528732,0.0844829896732283,0.113505227308129,0.0345286982767838,0.121354928865488,0.0220316266024794
"F340",0.0490144953853954,0.055355757238797,0.0911275806933847,0.064961934038915,0.0573593366134688,0.0336273286626187,0.0849252365745225,0.0693795070873806,0.0407143287895088,0.0414878122728179,0.0575441923506169,0.0873583114933585,0.0336860786212162,0.0467490532265445,0.0790790177694457,0.264602763465505,0.189640091100036,0.059318889112189,0.0393884097927986,0.0446020450046797,0.0759695599607611
"P341",0.0624436382981672,0.053293580960781,0.113745197130116,0.0961885839031559,0.063092090051757,0.0822522911379949,0.0828713046929381,0.0639053550983821,0.0253123742326696,0.0915524051862511,0.282512818721678,0.101388490686228,0.0690277378378636,0.0199676400273393,0.0359814777050336,0.0216642882604536,0.118167221393932,0.117784925821426,0.0471558543550278,0.0987700336633536,0.0180439760821428
"S342",0.0479610638123436,0.0554661034467816,0.0644940796434059,0.0479333578935034,0.0870779102343266,0.0505068268978777,0.081738103041396,0.0641603548122358,0.0354260476379042,0.0510163763938254,0.0516078397002325,0.0770053341876863,0.0498267266394935,0.0357326042984326,0.0459522356100708,0.0694076820879119,0.0447631835019027,0.0969000542359627,0.0696170859809332,0.0303031233690259,0.166463468624469
"L343",0.143102847940129,0.0630326258314392,0.0796405548647988,0.0414399620546773,0.0624321785450684,0.0554975805613783,0.0307113980146903,0.0698458004430299,0.0453925057489296,0.336244284022761,0.165556458642421,0.0460486209780036,0.109890579270506,0.0602368416519729,0.0320662563517963,0.0366562485055135,0.0304531251166662,0.227565517811638,0.0397339733446325,0.0349849043383955,0.156928028093209
"T344",0.0469630033716462,0.0762050746282608,0.0460590169408889,0.0534322819210461,0.0692010755079277,0.099197845538849,0.110683926973804,0.12186875714571,0.131646317050851,0.0676085563458436,0.0645025126877807,0.0684334676387428,0.068317519847652,0.115688562258419,0.113966152365501,0.121829270966423,0.0730223364503074,0.0925862824200736,0.153865651626151,0.0410095328225258,0.0582159672687705
