dist_codon,aa_seq,mutcod_index,mut_aa,num_nt_seqs,inAvPlasmid,inBvPlasmid,enrichA_avg,enrichB_avg,inVplasmid_Avg_RepAndAA,inVplasmid_SD_RepAndAA,enrich_Avg_RepAndAA,enrich_SD_RepAndAA,mutation
1,AAPGTLFTFPSLT,332,A,2,0.042025918,0.039964706,0.465242628,0.68695167,0.040995312,0.001190041,0.576097149,0.350990518,332A
1,QAAGTLFTFPSLT,334,A,2,0.06828383,0.063406416,0.303505621,0.273931334,0.065845123,0.002815976,0.288718478,0.115234326,334A
1,QAPATLFTFPSLT,335,A,2,0.227444552,0.232259037,0.486277239,0.350813687,0.229851795,0.002779644,0.418545463,0.270253197,335A
1,QAPGALFTFPSLT,336,A,2,0.070972124,0.070243286,0.473182191,0.601138718,0.070607705,0.000420795,0.537160454,0.393652575,336A
1,QAPGTAFTFPSLT,337,A,2,0.069810901,0.069435044,1.107772128,1.283976449,0.069622972,0.000217001,1.195874289,0.402397995,337A
1,QAPGTLATFPSLT,338,A,2,0.116463473,0.147090069,2.863488235,3.087663654,0.131776771,0.017682274,2.975575945,0.917092681,338A
1,QAPGTLFAFPSLT,339,A,2,0.743339502,0.757718972,4.498584868,4.106259048,0.750529237,0.008301991,4.302421958,0.683236568,339A
1,QAPGTLFTAPSLT,340,A,2,0.100573456,0.081681705,2.316796841,2.48402291,0.091127581,0.010907158,2.400409876,0.62748021,340A
1,QAPGTLFTFASLT,341,A,2,0.118537442,0.108952952,1.135175316,1.24587783,0.113745197,0.005533608,1.190526573,0.389672341,341A
1,QAPGTLFTFPALT,342,A,2,0.061344307,0.067643853,0.989059411,0.838200867,0.06449408,0.003637044,0.913630139,0.826876423,342A
1,QAPGTLFTFPSAT,343,A,2,0.083876268,0.075404842,0.389651236,0.382936515,0.079640555,0.00489098,0.386293875,0.239400365,343A
1,QAPGTLFTFPSLA,344,A,2,0.048203281,0.043914753,0.147960203,0.196526194,0.046059017,0.002475983,0.172243199,0.04233695,344A
1,CAPGTLFTFPSLT,332,C,1,0.072363932,0.080200361,0.256050003,0.199674108,0.076282146,0.005541192,0.227862055,0.039863778,332C
1,QCPGTLFTFPSLT,333,C,1,0.068180447,0.033125051,0.24816392,0.459773907,0.050652749,0.024787908,0.353968913,0.149630857,333C
1,QACGTLFTFPSLT,334,C,1,0.066500654,0.050256023,0.188659358,0.141993047,0.058378339,0.011486689,0.165326202,0.032998064,334C
1,QAPCTLFTFPSLT,335,C,1,0.051346882,0.045313374,0.107068894,0.134616265,0.048330128,0.004266334,0.12084258,0.019478932,335C
1,QAPGCLFTFPSLT,336,C,1,0.093142959,0.105020044,0.191904178,0.089536289,0.099081502,0.008398367,0.140720234,0.072385029,336C
1,QAPGTCFTFPSLT,337,C,1,0.061041244,0.043788267,0.387584111,0.598127382,0.052414755,0.012199697,0.492855746,0.148876575,337C
1,QAPGTLCTFPSLT,338,C,1,0.045794651,0.05344857,1.657288721,1.803901587,0.04962161,0.005412138,1.730595154,0.103670951,338C
1,QAPGTLFCFPSLT,339,C,1,0.055501859,0.044461721,2.107333651,2.378670369,0.04998179,0.007806557,2.24300201,0.191864034,339C
1,QAPGTLFTCPSLT,340,C,1,0.071160188,0.043928197,2.35194754,3.719046807,0.057544192,0.019255926,3.035497174,0.966685162,340C
1,QAPGTLFTFCSLT,341,C,1,0.293405124,0.271620513,0.469303976,0.444135574,0.282512819,0.015404046,0.456719775,0.017796748,341C
1,QAPGTLFTFPCLT,342,C,1,0.058991176,0.044224503,0.521389608,0.814632587,0.05160784,0.010441614,0.668011098,0.207354099,342C
1,QAPGTLFTFPSCT,343,C,1,0.160760251,0.170352666,0.453911477,0.32147344,0.165556459,0.006782861,0.387692459,0.093647834,343C
1,QAPGTLFTFPSLC,344,C,1,0.060777673,0.068227353,0.092754687,0.171562844,0.064502513,0.005267719,0.132158765,0.055725782,344C
1,DAPGTLFTFPSLT,332,D,1,0.185810916,0.207945147,0.623022813,0.583515451,0.196878032,0.015651264,0.603269132,0.027935924,332D
1,QDPGTLFTFPSLT,333,D,1,0.04533655,0.035245768,0.736486514,0.579001968,0.040291159,0.00713526,0.657744241,0.11135839,333D
1,QADGTLFTFPSLT,334,D,1,0.057211266,0.043979032,0.336597184,0.515056247,0.050595149,0.009356603,0.425826716,0.126189614,334D
1,QAPDTLFTFPSLT,335,D,1,0.025470309,0.008728659,1.173456155,2.965079709,0.017099484,0.011838134,2.069267932,1.266869164,335D
1,QAPGDLFTFPSLT,336,D,1,0.14103603,0.176901952,0.584034628,0.442152688,0.158968991,0.025361037,0.513093658,0.100325682,336D
1,QAPGTDFTFPSLT,337,D,1,0.06516487,0.052652446,1.046517157,0.998127077,0.058908658,0.00884762,1.022322117,0.034216953,337D
1,QAPGTLDTFPSLT,338,D,1,0.045768363,0.035587403,0.994166395,1.319863483,0.040677883,0.007199026,1.157014939,0.23030262,338D
1,QAPGTLFDFPSLT,339,D,1,0.030172707,0.03888469,1.084921176,1.346359794,0.034528698,0.006160302,1.215640485,0.18486502,339D
1,QAPGTLFTDPSLT,340,D,1,0.041493286,0.037283533,2.365099006,2.5689929,0.03938841,0.002976745,2.467045953,0.144174755,340D
1,QAPGTLFTFDSLT,341,D,1,0.055543057,0.038768652,1.354636162,1.889174105,0.047155854,0.011861296,1.621905133,0.377975404,341D
1,QAPGTLFTFPDLT,342,D,1,0.070278803,0.068955369,0.079718124,0.091843697,0.069617086,0.00093581,0.08578091,0.008574075,342D
1,QAPGTLFTFPSDT,343,D,1,0.049249931,0.030218016,0.811547362,1.391481893,0.039733973,0.013457596,1.101514628,0.41007564,343D
1,QAPGTLFTFPSLD,344,D,1,0.145319587,0.162411716,0.205000913,0.179125496,0.153865652,0.01208596,0.192063204,0.018296683,344D
1,EAPGTLFTFPSLT,332,E,1,0.060063238,0.044081031,0.12333056,0.573516229,0.052072135,0.011301127,0.348423394,0.318329339,332E
1,QEPGTLFTFPSLT,333,E,1,0.124862376,0.122514117,0.443643668,0.304573996,0.123688247,0.00166047,0.374108832,0.098337108,333E
1,QAEGTLFTFPSLT,334,E,1,0.016906564,0.017453208,0.701727185,0.725919823,0.017179886,0.000386535,0.713823504,0.017106779,334E
1,QAPETLFTFPSLT,335,E,1,0.042269892,0.022779444,1.047259253,1.650933088,0.032524668,0.013781828,1.349096171,0.426861863,335E
1,QAPGELFTFPSLT,336,E,1,0.037565055,0.036513177,0.96196778,1.279493853,0.037039116,0.00074379,1.120730817,0.22452484,336E
1,QAPGTEFTFPSLT,337,E,1,0.079311524,0.102765558,4.247483305,3.153516507,0.091038541,0.016584506,3.700499906,0.773551342,337E
1,QAPGTLETFPSLT,338,E,1,0.168280763,0.16422103,0.69129245,0.700026801,0.166250897,0.002870665,0.695659625,0.006176118,338E
1,QAPGTLFEFPSLT,339,E,1,0.128954409,0.113755449,1.509892211,1.714093675,0.121354929,0.010747288,1.611992943,0.14439224,339E
1,QAPGTLFTEPSLT,340,E,1,0.031966658,0.057237432,2.612423195,1.845343217,0.044602045,0.017869135,2.228883206,0.542407454,340E
1,QAPGTLFTFESLT,341,E,1,0.094484292,0.103055776,1.430312602,1.181381017,0.098770034,0.006060954,1.305846809,0.176021212,341E
1,QAPGTLFTFPELT,342,E,1,0.032929621,0.027676626,2.844537991,3.336134537,0.030303123,0.003714428,3.090336264,0.347611252,342E
1,QAPGTLFTFPSET,343,E,1,0.028349518,0.041620291,0.593009396,0.373405822,0.034984904,0.009383853,0.483207609,0.155283176,343E
1,QAPGTLFTFPSLE,344,E,1,0.03110967,0.050909396,0.190605341,0.204679887,0.041009533,0.014000521,0.197642614,0.009952207,344E
1,FAPGTLFTFPSLT,332,F,1,0.060828214,0.075019775,0.37748083,0.347503631,0.067923994,0.010034949,0.362492231,0.021197081,332F
1,QFPGTLFTFPSLT,333,F,1,0.125763144,0.147803425,0.393951614,0.37983494,0.136783285,0.015584832,0.386893277,0.009981996,333F
1,QAFGTLFTFPSLT,334,F,1,0.024780439,0.049690139,3.366295811,1.478196347,0.037235289,0.017613818,2.422246079,1.335087935,334F
1,QAPFTLFTFPSLT,335,F,1,0.042636105,0.037452814,0.295736915,0.153584044,0.04004446,0.00366514,0.224660479,0.100517259,335F
1,QAPGFLFTFPSLT,336,F,1,0.222228082,0.172162,0.922287475,0.941152348,0.197195041,0.035402067,0.931719912,0.013339479,336F
1,QAPGTFFTFPSLT,337,F,1,0.06248899,0.069133059,1.176904263,0.761621741,0.065811025,0.004698066,0.969263002,0.293649087,337F
1,QAPGTLFFFPSLT,339,F,1,0.459120939,0.363877387,1.898484949,2.331604208,0.411499163,0.067347361,2.115044578,0.306261566,339F
1,QAPGTLFTFFSLT,341,F,1,0.083122954,0.082619656,1.451935818,1.265378429,0.082871305,0.000355886,1.358657124,0.131915995,341F
1,QAPGTLFTFPFLT,342,F,1,0.080847363,0.082628843,3.112724195,2.65468322,0.081738103,0.001259696,2.883703707,0.323883879,342F
1,QAPGTLFTFPSFT,343,F,1,0.035748438,0.025674358,0.140989096,0.370677271,0.030711398,0.00712345,0.255833183,0.162414066,343F
1,QAPGTLFTFPSLF,344,F,1,0.109269591,0.112098262,0.451209033,0.3546762,0.110683927,0.002000172,0.402942617,0.068259021,344F
1,GAPGTLFTFPSLT,332,G,2,0.087847533,0.090891267,0.197956785,0.214860206,0.0893694,0.0017573,0.206408495,0.040645017,332G
1,QGPGTLFTFPSLT,333,G,2,0.104352254,0.09542954,0.241090006,0.294476883,0.099890897,0.005151531,0.267783445,0.053459661,333G
1,QAGGTLFTFPSLT,334,G,2,0.107337502,0.106418489,0.421085739,0.414829629,0.106877996,0.000530593,0.417957684,0.211409719,334G
1,QAPGGLFTFPSLT,336,G,2,0.107494744,0.09514955,0.162409906,0.205791304,0.101322147,0.007127501,0.184100605,0.044263282,336G
1,QAPGTGFTFPSLT,337,G,2,0.105324707,0.123759837,2.930998572,2.392582209,0.114542272,0.010643527,2.66179039,0.778324464,337G
1,QAPGTLGTFPSLT,338,G,2,0.047872906,0.049336546,2.626685598,2.585806023,0.048604726,0.000845032,2.606245811,0.386619807,338G
1,QAPGTLFGFPSLT,339,G,2,0.06594362,0.080373901,1.156482965,1.039757811,0.07315876,0.008331327,1.098120388,0.353909807,339G
1,QAPGTLFTGPSLT,340,G,2,0.052554694,0.045474297,1.581097178,2.140453882,0.049014495,0.004087869,1.86077553,0.728146139,340G
1,QAPGTLFTFGSLT,341,G,2,0.062665796,0.062221481,0.198187848,0.187265523,0.062443638,0.000256525,0.192726686,0.036407945,341G
1,QAPGTLFTFPGLT,342,G,2,0.043189174,0.052732954,0.60451368,0.154258159,0.047961064,0.005510104,0.379385919,0.410348751,342G
1,QAPGTLFTFPSGT,343,G,2,0.148710911,0.137494785,0.68306993,0.813994556,0.143102848,0.006475633,0.748532243,0.64891884,343G
1,QAPGTLFTFPSLG,344,G,2,0.041602057,0.05232395,0.292646031,0.20229034,0.046963003,0.006190288,0.247468186,0.059229718,344G
1,HAPGTLFTFPSLT,332,H,1,0.084477991,0.094630268,0.141386938,0.18410385,0.08955413,0.007178744,0.162745394,0.030205418,332H
1,QHPGTLFTFPSLT,333,H,1,0.039646337,0.043720329,0.034974655,0.161042978,0.041683333,0.002880747,0.098008817,0.089143766,333H
1,QAHGTLFTFPSLT,334,H,1,0.028117129,0.020142679,0.194608154,0.187692285,0.024129904,0.005638788,0.19115022,0.004890258,334H
1,QAPHTLFTFPSLT,335,H,1,0.041441862,0.053127449,1.020725469,0.672506648,0.047284655,0.008262958,0.846616059,0.24622789,335H
1,QAPGHLFTFPSLT,336,H,1,0.249884408,0.241178535,0.374953302,0.264735354,0.245531472,0.006155982,0.319844328,0.077935858,336H
1,QAPGTHFTFPSLT,337,H,1,0.06963517,0.071788753,1.504815591,2.048647896,0.070711962,0.001522813,1.776731743,0.38454751,337H
1,QAPGTLHTFPSLT,338,H,1,0.017045215,0.023095691,3.43612008,2.173434092,0.020070453,0.004278332,2.804777086,0.892853825,338H
1,QAPGTLFHFPSLT,339,H,1,0.102130903,0.065583722,0.356000112,0.333778551,0.083857312,0.02584276,0.344889332,0.015713017,339H
1,QAPGTLFTHPSLT,340,H,1,0.296764167,0.23244136,2.050048553,2.450447481,0.264602763,0.045483093,2.250248017,0.283124797,340H
1,QAPGTLFTFHSLT,341,H,1,0.018640912,0.024687664,1.43422452,1.355196683,0.021664288,0.004275699,1.394710601,0.05588112,341H
1,QAPGTLFTFPHLT,342,H,1,0.071893096,0.066922268,0.94339103,1.134551296,0.069407682,0.003514906,1.038971163,0.13517072,342H
1,QAPGTLFTFPSHT,343,H,1,0.034730174,0.038582323,0.615767979,0.623381247,0.036656249,0.002723881,0.619574613,0.005383393,343H
1,QAPGTLFTFPSLH,344,H,1,0.110594187,0.133064355,0.598052956,0.382018662,0.121829271,0.015888809,0.490035809,0.152759314,344H
1,IAPGTLFTFPSLT,332,I,1,0.150064673,0.074707591,0.420987015,0.871952172,0.112386132,0.053285504,0.646469593,0.31888052,332I
1,QIPGTLFTFPSLT,333,I,1,0.067487806,0.082366038,0.184903134,0.319985148,0.074926922,0.010520499,0.252444141,0.095517408,333I
1,QAIGTLFTFPSLT,334,I,1,0.118545427,0.098050194,1.091067167,1.121363442,0.10829781,0.014492318,1.106215304,0.021422702,334I
1,QAPITLFTFPSLT,335,I,1,0.031928579,0.018429938,0.356053199,0.123718797,0.025179258,0.009544981,0.239885998,0.164285232,335I
1,QAPGILFTFPSLT,336,I,1,0.080679912,0.063658906,0.76920498,0.930222508,0.072169409,0.012035669,0.849713744,0.113856586,336I
1,QAPGTIFTFPSLT,337,I,1,0.050571035,0.05613341,0.090130664,0.123344015,0.053352223,0.003933193,0.10673734,0.023485386,337I
1,QAPGTLITFPSLT,338,I,1,0.047994214,0.028863764,2.509578583,3.652506302,0.038428989,0.013527271,3.081042443,0.808171941,338I
1,QAPGTLFIFPSLT,339,I,1,0.723950973,0.702273926,0.154251658,0.141716074,0.713112449,0.015327987,0.147983866,0.008863996,339I
1,QAPGTLFTIPSLT,340,I,1,0.06582164,0.064102228,2.736743793,2.768247579,0.064961934,0.001215808,2.752495686,0.022276541,340I
1,QAPGTLFTFISLT,341,I,1,0.082311254,0.110065914,1.689100354,1.220027727,0.096188584,0.019625508,1.45456404,0.331684435,341I
1,QAPGTLFTFPILT,342,I,1,0.061288136,0.034578579,0.723981016,1.316034399,0.047933358,0.018886509,1.020007707,0.418644962,342I
1,QAPGTLFTFPSIT,343,I,1,0.036074279,0.046805645,0.979297052,0.246057923,0.041439962,0.007588222,0.612677487,0.51847836,343I
1,QAPGTLFTFPSLI,344,I,1,0.048966181,0.057898383,0.138603068,0.269369846,0.053432282,0.006316021,0.203986457,0.092466075,344I
1,KAPGTLFTFPSLT,332,K,1,0.050016786,0.037152769,0.205361785,0.323887234,0.043584778,0.009096234,0.26462451,0.083810148,332K
1,QKPGTLFTFPSLT,333,K,1,0.050454554,0.044436766,0.001515026,0.145425556,0.04744566,0.004255219,0.073470291,0.101760112,333K
1,QAKGTLFTFPSLT,334,K,1,0.029814053,0.045132064,0.107876441,0.307209454,0.037473058,0.010831469,0.207542947,0.140949726,334K
1,QAPKTLFTFPSLT,335,K,1,0.02226117,0.030721657,0.630380172,0.890537158,0.026491413,0.005982467,0.760458665,0.183958769,335K
1,QAPGKLFTFPSLT,336,K,1,0.288669961,0.25836327,0.385044673,0.42860533,0.273516615,0.021430067,0.406825001,0.030802036,336K
1,QAPGTKFTFPSLT,337,K,1,0.119271685,0.126606603,0.629730796,0.935946246,0.122939144,0.00518657,0.782838521,0.216527021,337K
1,QAPGTLKTFPSLT,338,K,1,0.105735103,0.113697993,5.055820321,4.272959771,0.109716548,0.005630614,4.664390046,0.553566003,338K
1,QAPGTLFKFPSLT,339,K,1,0.090660221,0.078305759,1.220949604,1.648497057,0.08448299,0.008735924,1.434723331,0.302321703,339K
1,QAPGTLFTKPSLT,340,K,1,0.201180536,0.178099646,1.434918804,1.498114214,0.189640091,0.016320653,1.466516509,0.044685903,340K
1,QAPGTLFTFKSLT,341,K,1,0.102835968,0.133498475,2.165211645,1.604102455,0.118167221,0.021681667,1.88465705,0.396764113,341K
1,QAPGTLFTFPKLT,342,K,1,0.051763209,0.037763158,2.505589477,2.415479833,0.044763184,0.009899532,2.460534655,0.06371714,342K
1,QAPGTLFTFPSKT,343,K,1,0.025237259,0.035668992,0.630318547,0.166635574,0.030453125,0.007376349,0.398477061,0.327873375,343K
1,QAPGTLFTFPSLK,344,K,1,0.06039066,0.085654013,0.831514483,0.581101919,0.073022336,0.017863888,0.706308201,0.177068422,344K
1,LAPGTLFTFPSLT,332,L,3,0.08732043,0.092862239,0.280061339,0.301152808,0.090091335,0.003035374,0.290607073,0.088275413,332L
1,QLPGTLFTFPSLT,333,L,3,0.101393079,0.107496484,0.341529802,0.279562988,0.104444781,0.003342973,0.310546395,0.052649863,333L
1,QALGTLFTFPSLT,334,L,3,0.172104655,0.186799427,0.533208664,0.465470277,0.179452041,0.008048658,0.49933947,0.213872904,334L
1,QAPLTLFTFPSLT,335,L,3,0.091880061,0.098234196,0.592666405,0.607698059,0.095057129,0.003480303,0.600182232,0.338636978,335L
1,QAPGLLFTFPSLT,336,L,3,0.105337347,0.132310906,0.844907143,0.865430624,0.118824127,0.014774027,0.855168883,0.340414332,336L
1,QAPGTLLTFPSLT,338,L,3,0.046229506,0.054059483,2.438412283,2.188122581,0.050144495,0.004288655,2.313267432,0.423901279,338L
1,QAPGTLFLFPSLT,339,L,3,0.318929075,0.310182795,0.372380594,0.417365467,0.314555935,0.004790535,0.39487303,0.224301865,339L
1,QAPGTLFTLPSLT,340,L,3,0.050868402,0.063850271,2.285823272,1.965004371,0.057359337,0.007110462,2.125413822,1.105914199,340L
1,QAPGTLFTFLSLT,341,L,3,0.057717261,0.068466919,2.043398044,1.664553714,0.06309209,0.00588783,1.853975879,0.603700179,341L
1,QAPGTLFTFPLLT,342,L,3,0.082192483,0.091963338,1.896523054,1.605744922,0.08707791,0.005351718,1.751133988,0.55097699,342L
1,QAPGTLFTFPSLL,344,L,3,0.075618414,0.062783737,1.095716304,0.973535659,0.069201076,0.007029842,1.034625982,0.540953948,344L
1,MAPGTLFTFPSLT,332,M,1,0.047044667,0.056182846,0.073779971,0.139022591,0.051613756,0.006461668,0.106401281,0.046133499,332M
1,QMPGTLFTFPSLT,333,M,1,0.099354846,0.069203091,0.145406582,0.357746686,0.084278969,0.02132051,0.251576634,0.150147127,333M
1,QAMGTLFTFPSLT,334,M,1,0.017522018,0.040937599,0.857302745,0.682299798,0.029229809,0.016557316,0.769801272,0.12374577,334M
1,QAPMTLFTFPSLT,335,M,1,0.049352158,0.03102376,0.778403039,2.107181327,0.040187959,0.012960135,1.442792183,0.939588138,335M
1,QAPGMLFTFPSLT,336,M,1,0.030932978,0.055368967,0.844126015,0.390760422,0.043150972,0.017278854,0.617443218,0.320577886,336M
1,QAPGTMFTFPSLT,337,M,1,0.023904001,0.026592916,2.078299313,1.421258938,0.025248459,0.00190135,1.749779125,0.464597704,337M
1,QAPGTLMTFPSLT,338,M,1,0.225050641,0.229204232,1.758365655,1.944692758,0.227127436,0.002937032,1.851529207,0.131753158,338M
1,QAPGTLFMFPSLT,339,M,1,0.076237351,0.083095216,0.985986176,0.718293418,0.079666283,0.004849243,0.852139797,0.189287365,339M
1,QAPGTLFTMPSLT,340,M,1,0.04675413,0.036221495,1.754170803,2.851514164,0.041487812,0.007447698,2.302842483,0.775938932,340M
1,QAPGTLFTFMSLT,341,M,1,0.094490094,0.088614716,1.615690046,1.938345024,0.091552405,0.00415452,1.777017535,0.228151524,341M
1,QAPGTLFTFPMLT,342,M,1,0.05785802,0.044174732,1.03968952,1.506288746,0.051016376,0.009675546,1.272989133,0.329935477,342M
1,QAPGTLFTFPSMT,343,M,1,0.348457219,0.324031349,0.220392309,0.295102861,0.336244284,0.017271698,0.257747585,0.052828338,343M
1,QAPGTLFTFPSLM,344,M,1,0.065922381,0.069294732,0.630351447,0.237958433,0.067608556,0.002384612,0.43415494,0.277463761,344M
1,NAPGTLFTFPSLT,332,N,1,0.018346673,0.051217611,0.708347446,0.382410379,0.034782142,0.023243263,0.545378912,0.23047231,332N
1,QNPGTLFTFPSLT,333,N,1,0.034808099,0.070030849,0.231469701,0.19898623,0.052419474,0.024906245,0.215227965,0.022969283,333N
1,QANGTLFTFPSLT,334,N,1,0.030208507,0.036450684,0.274253349,0.18766432,0.033329596,0.004413886,0.230958834,0.061227689,334N
1,QAPNTLFTFPSLT,335,N,1,0.001596028,0.008879646,1.469977664,0.582777016,0.005237837,0.005150296,1.02637734,0.627345594,335N
1,QAPGNLFTFPSLT,336,N,1,0.025355102,0.031375387,0.45916629,0.526186168,0.028365245,0.004256985,0.492676229,0.04739021,336N
1,QAPGTNFTFPSLT,337,N,1,0.057899923,0.078972103,3.844786473,3.313122558,0.068436013,0.014900281,3.578954516,0.37594316,337N
1,QAPGTLNTFPSLT,338,N,1,0.05250463,0.050646009,1.554037452,1.131156564,0.05157532,0.001314243,1.342597008,0.299021943,338N
1,QAPGTLFNFPSLT,339,N,1,0.049523847,0.064483833,0.759608393,0.546581858,0.05700384,0.010578308,0.653095126,0.150632507,339N
1,QAPGTLFTNPSLT,340,N,1,0.052142867,0.041355239,2.264144798,2.162921283,0.046749053,0.007628005,2.21353304,0.071575833,340N
1,QAPGTLFTFNSLT,341,N,1,0.022137024,0.017798256,0.66831901,1.247803707,0.01996764,0.003067972,0.958061359,0.409757558,341N
1,QAPGTLFTFPNLT,342,N,1,0.036435666,0.035029542,0.292016627,0.260832989,0.035732604,0.00099428,0.276424808,0.022050162,342N
1,QAPGTLFTFPSNT,343,N,1,0.055321799,0.065151884,0.441367518,0.296359799,0.060236842,0.006950919,0.368863658,0.102535942,343N
1,QAPGTLFTFPSLN,344,N,1,0.118112467,0.113264657,1.709997201,1.053764973,0.115688562,0.003427919,1.381881087,0.464026259,344N
1,PAPGTLFTFPSLT,332,P,2,0.113072667,0.115933762,0.440898314,0.297416288,0.114503215,0.001651854,0.369157301,0.226368529,332P
1,QPPGTLFTFPSLT,333,P,2,0.090211653,0.08278792,0.215794673,0.261040894,0.086499786,0.004286094,0.238417783,0.061129386,333P
1,QAPPTLFTFPSLT,335,P,2,0.051598786,0.050524727,0.713043712,0.495039999,0.051061756,0.000620108,0.604041855,0.372769513,335P
1,QAPGPLFTFPSLT,336,P,2,0.223951809,0.209421269,0.175919577,0.128569743,0.216686539,0.008389211,0.15224466,0.038649232,336P
1,QAPGTPFTFPSLT,337,P,2,0.040852926,0.036886253,1.610568195,1.894573707,0.03886959,0.00229016,1.752570951,0.360961153,337P
1,QAPGTLPTFPSLT,338,P,2,0.06368593,0.07288481,2.402301111,2.138893963,0.06828537,0.005310976,2.270597537,0.859584542,338P
1,QAPGTLFPFPSLT,339,P,2,0.082087173,0.068944118,1.077275037,1.396301853,0.075515646,0.007588147,1.236788445,0.571883703,339P
1,QAPGTLFTPPSLT,340,P,2,0.063948576,0.046762938,1.56316791,2.270452174,0.055355757,0.009922133,1.916810042,1.192800988,340P
1,QAPGTLFTFPPLT,342,P,2,0.049126311,0.061805896,0.263731644,0.194888891,0.055466103,0.007320562,0.229310267,0.151551552,342P
1,QAPGTLFTFPSPT,343,P,2,0.057995387,0.068069865,0.484366394,0.330380798,0.063032626,0.005816502,0.407373596,0.136939569,343P
1,QAPGTLFTFPSLP,344,P,2,0.083310773,0.069099377,0.18020494,0.249301593,0.076205075,0.008204953,0.214753267,0.092503711,344P
1,QQPGTLFTFPSLT,333,Q,1,0.062531784,0.055193894,0.249541351,0.227607341,0.058862839,0.005188671,0.238574346,0.015509687,333Q
1,QAQGTLFTFPSLT,334,Q,1,0.046541596,0.047119911,0.392059628,0.546407564,0.046830753,0.000408931,0.469233596,0.109140472,334Q
1,QAPQTLFTFPSLT,335,Q,1,0.088199244,0.068625252,0.222456148,0.457753195,0.078412248,0.013840903,0.340104671,0.166380138,335Q
1,QAPGQLFTFPSLT,336,Q,1,0.063864715,0.065949787,0.617348307,0.457802395,0.064907251,0.001474369,0.537575351,0.112815996,336Q
1,QAPGTQFTFPSLT,337,Q,1,0.023864947,0.018766033,1.730537339,1.976552026,0.02131549,0.003605477,1.853544682,0.173958654,337Q
1,QAPGTLQTFPSLT,338,Q,1,0.127221472,0.157390811,2.728240138,2.165315529,0.142306141,0.021332944,2.446777834,0.398047809,338Q
1,QAPGTLFQFPSLT,339,Q,1,0.122929217,0.142391478,0.427674516,0.281969288,0.132660347,0.013761896,0.354821902,0.103029154,339Q
1,QAPGTLFTQPSLT,340,Q,1,0.067826533,0.090331503,2.682476253,2.147908032,0.079079018,0.015913417,2.415192142,0.377996814,340Q
1,QAPGTLFTFQSLT,341,Q,1,0.04162512,0.030337835,1.213447471,2.029071114,0.035981478,0.007981316,1.621259292,0.576733009,341Q
1,QAPGTLFTFPQLT,342,Q,1,0.045674215,0.046230257,0.272689388,0.560518142,0.045952236,0.000393181,0.416603765,0.203525664,342Q
1,QAPGTLFTFPSQT,343,Q,1,0.03656263,0.027569883,0.301029194,0.768749098,0.032066256,0.006358833,0.534889146,0.330727916,343Q
1,QAPGTLFTFPSLQ,344,Q,1,0.117810226,0.110122078,0.221544968,0.18078354,0.113966152,0.005436342,0.201164254,0.028822682,344Q
1,RAPGTLFTFPSLT,332,R,3,0.090778471,0.101947275,0.302844897,0.173340082,0.096362873,0.006117406,0.23809249,0.113351494,332R
1,QRPGTLFTFPSLT,333,R,3,0.093626896,0.097853804,0.251817455,0.161484508,0.09574035,0.002315173,0.206650981,0.085278165,333R
1,QARGTLFTFPSLT,334,R,3,0.145053402,0.145296618,0.739340324,0.703187728,0.14517501,0.000133215,0.721264026,0.633392665,334R
1,QAPRTLFTFPSLT,335,R,3,0.258372668,0.278401481,0.652292566,0.51926304,0.268387075,0.010970233,0.585777803,0.412866374,335R
1,QAPGRLFTFPSLT,336,R,3,0.059632816,0.057757877,0.627306213,0.643631364,0.058695347,0.001026946,0.635468789,0.357832685,336R
1,QAPGTRFTFPSLT,337,R,3,0.080492541,0.078221812,2.013332017,2.807738317,0.079357176,0.00124373,2.410535167,1.497133736,337R
1,QAPGTLRTFPSLT,338,R,3,0.071878486,0.070526747,2.487128647,2.633916898,0.071202617,0.000740378,2.560522772,0.58492775,338R
1,QAPGTLFRFPSLT,339,R,3,0.12383469,0.103175765,2.026858524,2.390653315,0.113505227,0.011315359,2.20875592,0.933361704,339R
1,QAPGTLFTRPSLT,340,R,3,0.064245357,0.054392422,1.687503597,2.287837988,0.059318889,0.005396675,1.987670792,0.855553625,340R
1,QAPGTLFTFRSLT,341,R,3,0.129546129,0.106023723,1.731470358,1.732441193,0.117784926,0.012883753,1.731955776,0.730732995,341R
1,QAPGTLFTFPRLT,342,R,3,0.101078443,0.092721665,2.706602571,2.84802428,0.096900054,0.004577196,2.777313425,0.52399106,342R
1,QAPGTLFTFPSRT,343,R,3,0.213510744,0.241620291,0.237801947,0.315692559,0.227565518,0.015396233,0.276747253,0.189890726,343R
1,QAPGTLFTFPSLR,344,R,3,0.094509807,0.090662758,0.859281018,0.775871782,0.092586282,0.002107116,0.8175764,0.59703258,344R
1,SAPGTLFTFPSLT,332,S,3,0.160222799,0.150078203,0.217813704,0.204307821,0.155150501,0.005556424,0.211060762,0.078894204,332S
1,QSPGTLFTFPSLT,333,S,3,0.238568109,0.244510861,0.132508149,0.18428951,0.241539485,0.003254979,0.15839883,0.038545042,333S
1,QASGTLFTFPSLT,334,S,3,0.312260173,0.311570423,0.218031141,0.192958225,0.311915298,0.000377792,0.205494683,0.062095075,334S
1,QAPSTLFTFPSLT,335,S,3,0.052480659,0.057424255,0.432664663,0.368108331,0.054952457,0.002707719,0.400386497,0.175680089,335S
1,QAPGSLFTFPSLT,336,S,3,0.05867885,0.04982699,0.197301263,0.2192731,0.05425292,0.004848363,0.208287182,0.099938151,336S
1,QAPGTSFTFPSLT,337,S,3,0.065444109,0.06949987,1.499781017,1.339096083,0.067471989,0.002221432,1.41943855,0.468577492,337S
1,QAPGTLSTFPSLT,338,S,3,0.116536252,0.097460472,2.225051969,2.582934243,0.106998362,0.010448235,2.403993106,1.214262245,338S
1,QAPGTLFSFPSLT,339,S,3,0.141277818,0.137936416,1.432429296,1.546340149,0.139607117,0.001830161,1.489384723,0.175361046,339S
1,QAPGTLFTSPSLT,340,S,3,0.088701021,0.086015602,1.808831089,1.971767788,0.087358311,0.001470865,1.890299438,0.804127539,340S
1,QAPGTLFTFSSLT,341,S,3,0.102931789,0.099845192,0.354326349,0.468633252,0.101388491,0.001690599,0.4114798,0.09420539,341S
1,QAPGTLFTFPSST,343,S,3,0.041470932,0.05062631,0.450854354,0.289973565,0.046048621,0.005014607,0.370413959,0.267154069,343S
1,QAPGTLFTFPSLS,344,S,3,0.071041547,0.065825389,0.274928811,0.359539212,0.068433468,0.002857007,0.317234011,0.241500255,344S
1,TAPGTLFTFPSLT,332,T,2,0.070158955,0.062180437,0.170597844,0.216052065,0.066169696,0.0046064,0.193324955,0.042739933,332T
1,QTPGTLFTFPSLT,333,T,2,0.06425423,0.067217836,0.383002927,0.296106286,0.065736033,0.001711038,0.339554606,0.229469607,333T
1,QATGTLFTFPSLT,334,T,2,0.332668642,0.35720494,0.271506018,0.157319525,0.344936791,0.014166038,0.214412771,0.076435588,334T
1,QAPTTLFTFPSLT,335,T,2,0.084943183,0.090621734,0.100044947,0.206015944,0.087782458,0.003278513,0.153030446,0.06335723,335T
1,QAPGTTFTFPSLT,337,T,2,0.042183133,0.042911788,1.54263079,1.322894134,0.04254746,0.000420689,1.432762462,0.212617687,337T
1,QAPGTLFTTPSLT,340,T,2,0.036988864,0.030383293,1.423445926,2.022188718,0.033686079,0.003813728,1.722817322,0.456589209,340T
1,QAPGTLFTFTSLT,341,T,2,0.070076123,0.067979353,1.290609365,1.310076579,0.069027738,0.001210571,1.300342972,0.159335419,341T
1,QAPGTLFTFPTLT,342,T,2,0.055845223,0.04380823,0.45498725,0.473975193,0.049826727,0.006949561,0.464481222,0.292292724,342T
1,QAPGTLFTFPSTT,343,T,2,0.114036161,0.105744998,0.941241262,0.778466275,0.109890579,0.004786905,0.859853768,0.750240373,343T
1,QAPGTLTTFPSLT,338,T,2,0.053663643,0.052220878,1.779960402,2.218415954,0.052942261,0.000832981,1.999188178,0.721050707,338T
1,VAPGTLFTFPSLT,332,V,2,0.117004057,0.142219813,0.55690341,0.574938388,0.129611935,0.014558324,0.565920899,0.301758614,332V
1,QVPGTLFTFPSLT,333,V,2,0.124686218,0.12770445,0.54246789,0.289281671,0.126195334,0.001742577,0.41587478,0.193882313,333V
1,QAVGTLFTFPSLT,334,V,2,0.111262424,0.103696227,0.461396712,0.266511967,0.107479325,0.004368346,0.36395434,0.164959051,334V
1,QAPVTLFTFPSLT,335,V,2,0.048095105,0.055881983,0.473233387,0.48034284,0.051988544,0.004495756,0.476788114,0.147919614,335V
1,QAPGVLFTFPSLT,336,V,2,0.369275739,0.409817265,0.443666551,0.414750828,0.389546502,0.023406661,0.429208689,0.318247887,336V
1,QAPGTVFTFPSLT,337,V,2,0.089133909,0.083744824,0.208127613,0.37813325,0.086439367,0.00311139,0.293130431,0.156103716,337V
1,QAPGTLVTFPSLT,338,V,2,0.031240321,0.036507973,1.61991943,1.232503244,0.033874147,0.00304128,1.426211337,0.408818087,338V
1,QAPGTLFTVPSLT,340,V,2,0.036459943,0.030794714,1.859375986,1.625134719,0.033627329,0.003270822,1.742255353,0.83067117,340V
1,QAPGTLFTFVSLT,341,V,2,0.080760329,0.083744253,1.350974603,1.419985785,0.082252291,0.001722769,1.385480194,0.487322298,341V
1,QAPGTLFTFPVLT,342,V,2,0.052713982,0.048299672,0.887478825,0.761465957,0.050506827,0.002548603,0.824472391,0.130573159,342V
1,QAPGTLFTFPSVT,343,V,2,0.062162372,0.048832789,0.143211177,0.287635455,0.055497581,0.007695839,0.215423316,0.136890775,343V
1,QAPGTLFTFPSLV,344,V,2,0.101213499,0.097182192,0.336767854,0.23963781,0.099197846,0.002327477,0.288202832,0.145600465,344V
1,QAPGTLFVFPSLT,339,V,2,0.091301223,0.077538702,0.987027975,0.931652055,0.084419963,0.007945795,0.959340015,0.307080162,339V
1,WAPGTLFTFPSLT,332,W,1,0.136337002,0.133056369,0.594458769,0.720747463,0.134696685,0.002319758,0.657603116,0.089299592,332W
1,QWPGTLFTFPSLT,333,W,1,0.377754567,0.363281495,0.259777387,0.291856233,0.370518031,0.010234007,0.27581681,0.022683169,333W
1,QAWGTLFTFPSLT,334,W,1,0.047565402,0.054891942,0.728651447,0.681073979,0.051228672,0.005180646,0.704862713,0.03364235,334W
1,QAPWTLFTFPSLT,335,W,1,0.045290645,0.092599385,2.210611429,1.076725371,0.068945015,0.033452331,1.6436684,0.801778521,335W
1,QAPGWLFTFPSLT,336,W,1,0.056584174,0.046205856,0.529022255,0.788975187,0.051395015,0.007338579,0.658998721,0.183814481,336W
1,QAPGTWFTFPSLT,337,W,1,0.05302,0.06312444,1.218814656,1.295064656,0.05807222,0.007144918,1.256939656,0.053916892,337W
1,QAPGTLWTFPSLT,338,W,1,0.042320821,0.044536058,0.918022953,0.991670407,0.043428439,0.001566409,0.95484668,0.052076614,338W
1,QAPGTLFWFPSLT,339,W,1,0.041437738,0.03907937,0.466395149,0.450238743,0.040258554,0.001667618,0.458316946,0.011424304,339W
1,QAPGTLFTWPSLT,340,W,1,0.070839042,0.067919972,3.296237292,3.270391765,0.069379507,0.002064094,3.283314529,0.018275548,340W
1,QAPGTLFTFWSLT,341,W,1,0.060362627,0.067448083,4.100331597,2.955010684,0.063905355,0.005010174,3.52767114,0.809864184,341W
1,QAPGTLFTFPWLT,342,W,1,0.064445268,0.063875441,1.804260049,2.234890844,0.064160355,0.000402928,2.019575447,0.304501955,342W
1,QAPGTLFTFPSWT,343,W,1,0.062562441,0.07712916,0.96295523,0.596107735,0.0698458,0.010300226,0.779531483,0.259400351,343W
1,QAPGTLFTFPSLW,344,W,1,0.103009503,0.140728012,1.419474399,1.056783107,0.121868757,0.026671013,1.238128753,0.256461472,344W
1,YAPGTLFTFPSLT,332,Y,1,0.189504038,0.181376225,0.246235642,0.256211333,0.185440131,0.005747232,0.251223488,0.007053879,332Y
1,QYPGTLFTFPSLT,333,Y,1,0.030450088,0.046701287,0.146838184,0.125798124,0.038575687,0.011491333,0.136318154,0.01487757,333Y
1,QAYGTLFTFPSLT,334,Y,1,0.122432099,0.143478441,0.563181259,0.416787559,0.13295527,0.014882011,0.489984409,0.103515978,334Y
1,QAPYTLFTFPSLT,335,Y,1,0.045252035,0.042436173,0.585269623,0.536534644,0.043844104,0.001991116,0.560902133,0.034460834,335Y
1,QAPGYLFTFPSLT,336,Y,1,0.137226242,0.111913197,0.287831545,0.406937546,0.12456972,0.017899025,0.347384546,0.084220661,336Y
1,QAPGTYFTFPSLT,337,Y,1,0.150249812,0.115616787,1.391163297,1.777155921,0.132933299,0.024489247,1.584159609,0.272938002,337Y
1,QAPGTLYTFPSLT,338,Y,1,0.060970372,0.065126788,2.885291364,2.140177658,0.06304858,0.00293903,2.512734511,0.526874954,338Y
1,QAPGTLFYFPSLT,339,Y,1,0.033439032,0.051242787,3.700824787,1.747628808,0.042340909,0.012589156,2.724226798,1.381118121,339Y
1,QAPGTLFTYPSLT,340,Y,1,0.047672099,0.033756559,0.895304057,0.979179021,0.040714329,0.009839773,0.937241539,0.059308556,340Y
1,QAPGTLFTFYSLT,341,Y,1,0.02544664,0.025178109,0.940037634,1.152537472,0.025312374,0.00018988,1.046287553,0.150260076,341Y
1,QAPGTLFTFPYLT,342,Y,1,0.040665233,0.030186862,0.628883708,1.617372852,0.035426048,0.007409327,1.12312828,0.698967377,342Y
1,QAPGTLFTFPSYT,343,Y,1,0.053121683,0.037663329,0.107694791,0.149336274,0.045392506,0.010930707,0.128515532,0.029444975,343Y
1,QAPGTLFTFPSLY,344,Y,1,0.132505006,0.130787628,0.144426508,0.18617782,0.131646317,0.001214369,0.165302164,0.029522635,344Y
1,*APGTLFTFPSLT,332,*,1,0.024083534,0.032049089,1.472793379,0.850315264,0.028066311,0.005632498,1.161554322,0.440158496,332*
1,Q*PGTLFTFPSLT,333,*,1,0.017710315,0.010235141,0.775687156,1.196078427,0.013972728,0.005285746,0.985882792,0.297261518,333*
1,QA*GTLFTFPSLT,334,*,1,0.036131713,0.037937809,1.156967495,0.775908709,0.037034761,0.001277103,0.966438102,0.269449251,334*
1,QAP*TLFTFPSLT,335,*,1,0.243564707,0.244905684,1.680323276,1.523773646,0.244235195,0.000948214,1.602048461,0.110697305,335*
1,QAPG*LFTFPSLT,336,*,1,0.040274019,0.039942493,0.818617468,0.814303582,0.040108256,0.000234424,0.816460525,0.003050378,336*
1,QAPGT*FTFPSLT,337,*,1,0.005396319,0.008829495,1.595827435,1.136854861,0.007112907,0.002427622,1.366341148,0.324542619,337*
1,QAPGTL*TFPSLT,338,*,1,0.025473482,0.005200259,0.512301955,3.739732364,0.01533687,0.014335334,2.12601716,2.282137928,338*
1,QAPGTLF*FPSLT,339,*,1,0.018471032,0.025592221,0.463721178,0.787616212,0.022031627,0.005035441,0.625668695,0.229028375,339*
1,QAPGTLFT*PSLT,340,*,1,0.059936978,0.092002142,0.756706055,0.513674124,0.07596956,0.022673494,0.63519009,0.171849527,340*
1,QAPGTLFTF*SLT,341,*,1,0.017105954,0.018981998,0.371924417,0.458458018,0.018043976,0.001326564,0.415191218,0.061188496,341*
1,QAPGTLFTFP*LT,342,*,1,0.161725256,0.171201681,0.37263133,0.458155155,0.166463469,0.006700845,0.415393243,0.060474477,342*
1,QAPGTLFTFPS*T,343,*,1,0.154582096,0.15927396,2.804432899,2.296568689,0.156928028,0.003317649,2.550500794,0.359114226,343*
1,QAPGTLFTFPSL*,344,*,1,0.060518317,0.055913617,0.571421824,0.49616929,0.058215967,0.003256015,0.533795557,0.053211577,344*
1,QAPGTLFTFPSLT,333,A,2,0.04838265,0.055164519,0.176470602,0.194159593,0.051773585,0.003915514,0.185315098,0.095507381,333A
1,QAPGTLFTFPSLT,338,F,1,0.039774166,0.033241155,0.331237434,0.255057982,0.036507661,0.004619536,0.293147708,0.053867007,338F
1,QAPGTLFTFPSLT,340,F,1,0.090680131,0.079170342,0.072794292,0.184422502,0.084925237,0.00813865,0.128608397,0.078933064,340F
1,QAPGTLFTFPSLT,335,G,1,0.030759963,0.043327167,0.38077926,0.241918381,0.037043565,0.008886356,0.31134882,0.098189469,335G
1,QAPGTLFTFPSLT,337,L,3,0.066218821,0.066241995,0.13653652,0.199883052,0.066230408,1.27E-05,0.168209786,0.062503504,337L
1,QAPGTLFTFPSLT,343,L,2,0.071281424,0.053582933,0.26998474,0.354326537,0.062432179,0.010218229,0.312155638,0.1200086,343L
0,QAPGTLFTFPSLT,NA,NA,1,0.051031514,0.053305549,0.359789871,2.389562644,0.052168531,0.001607986,1.374676257,1.435266092,NANA
1,QAPGTLFTFPSLT,334,P,2,0.093013394,0.113566872,0.207879721,0.219250237,0.103290133,0.011866556,0.213564979,0.043376007,334P
1,QAPGTLFTFPSLT,341,P,1,0.074853738,0.031733423,0.276218602,0.507274824,0.053293581,0.030490667,0.391746713,0.163381422,341P
1,QAPGTLFTFPSLT,342,S,3,0.078276369,0.075734299,0.40718803,0.212966901,0.077005334,0.001392349,0.310077466,0.188945109,342S
1,QAPGTLFTFPSLT,339,T,1,0.04355318,0.05309454,0.346914309,0.139184478,0.04832386,0.006746761,0.243049393,0.146887172,339T
1,QAPGTLFTFPSLT,336,T,2,0.051070194,0.06598591,0.152899829,0.304111219,0.058528052,0.008611593,0.228505524,0.127140633,336T
1,QAPGTLFTFPSLT,344,T,1,0.067244458,0.069390581,0.230911738,0.183619036,0.06831752,0.001517538,0.207265387,0.03344099,344T