sequence,plasmid,inA,inB,negA,negB,ntLen,aa_seq,dist_codon,mut_codon,mut_codonWob,mutcod_index,mut_aa,plasmid_norm,inA_norm,inB_norm,negA_norm,negB_norm,inAvPlasmid,inBvPlasmid,enrichA,enrichB,invPlasmidAvg,enrichAvg,invPlasmidStDev,enrichStdDev
GGGGCACGAGGGACAAGATACCAGACATTTGTG,267819,321561,2128189,123993,304061,33,GARGTRYQTFV,0,NA,NA,NA,NA,62971.07392,59084.65013,425707.1051,53322.47902,53367.80717,0.220614109,1.589532875,0.902476005,0.125362735,0.905073492,0.51391937,0.967971742,0.549502063
GGCGCACGAGGGACAAGATACCAGACATTTGTG,28958,31076,19081,11459,26189,33,GARGTRYQTFV,1,GGC,C,330,G,6808.763974,5710.003973,3816.821379,4927.877276,4596.608911,0.197182263,0.131805421,0.863025192,1.204302862,0.164493842,1.033664027,0.046228408,0.241319755
GGGGCACGAGGCACAAGATACCAGACATTTGTG,28505,27147,23269,9714,28581,33,GARGTRYQTFV,1,GGC,C,333,G,6702.252126,4988.076903,4654.557762,4177.450027,5016.445045,0.174989542,0.163289169,0.837487093,1.077749015,0.169139356,0.957618054,0.008273413,0.169890834
GGGGCGCGAGGGACAAGATACCAGACATTTGTG,27178,31533,23060,8194,24120,33,GARGTRYQTFV,1,GCG,G,331,A,6390.240599,5793.974619,4612.750956,3523.782738,4233.464696,0.213186203,0.169723709,0.608180562,0.91777439,0.191454956,0.762977476,0.030732624,0.218915896
GGGGCACGGGGGACAAGATACCAGACATTTGTG,22078,20639,11176,7595,22516,33,GARGTRYQTFV,1,CGG,G,332,R,5191.100594,3792.276097,2235.56395,3266.186221,3951.935783,0.171767193,0.101257539,0.861273319,1.767757878,0.136512366,1.314515598,0.049857855,0.640981378
GGGGCACGAGGGACAAGATACCAGACGTTTGTG,21489,26680,12480,10583,30408,33,GARGTRYQTFV,1,ACG,G,338,T,5052.61168,4902.268824,2496.406415,4551.158496,5337.114199,0.228129221,0.116171363,0.928377994,2.137918797,0.172150292,1.533148395,0.079166161,0.855274504
GGGGCAAGGGGGACAAGATACCAGACATTTGTG,18122,21037,12162,8182,13132,33,GARGTRYQTFV,1,AGG,G,332,R,4260.944151,3865.405894,2432.796059,3518.622207,2304.886334,0.213299078,0.134245451,0.910285311,0.947422751,0.173772264,0.928854031,0.055899356,0.026260135
GGGGCACGCGGGACAAGATACCAGACATTTGTG,17934,22317,11596,9910,17773,33,GARGTRYQTFV,1,CGC,C,332,R,4216.740559,4100.597202,2319.577627,4261.738703,3119.459703,0.228649337,0.129339669,1.039297081,1.344839537,0.178994503,1.192068309,0.070222539,0.216051143
GGGGCCCGAGGGACAAGATACCAGACATTTGTG,16902,15452,10981,7989,7333,33,GARGTRYQTFV,1,GCC,C,331,A,3974.091052,2839.20007,2196.5576,3435.623663,1287.064536,0.167980125,0.129958443,1.210067476,0.585946181,0.148969284,0.898006828,0.026885389,0.4413204
GGGGCACGAGGGACAAGATACCAGACATTCGTG,16871,18510,11507,5981,11493,33,GARGTRYQTFV,1,TTC,C,339,F,3966.802162,3401.086804,2301.774729,2572.094771,2017.214335,0.20159367,0.136433805,0.756256726,0.876373482,0.169013738,0.816315104,0.046074982,0.084935373
GGGGCACGAGGGACAAGATACCAGACATTTGTC,14961,17310,9014,5169,10297,33,GARGTRYQTFV,1,GTC,C,340,V,3517.712474,3180.594953,1803.093544,2222.898825,1807.296268,0.212592404,0.120519587,0.69889403,1.002330841,0.166555995,0.850612435,0.065105313,0.214562226
GGGGCACGAGGGACAAGGTACCAGACATTTGTG,14776,19318,8341,13530,21040,33,GARGTRYQTFV,1,AGG,G,335,R,3474.214258,3549.551317,1668.471627,5818.498956,3692.873018,0.240224101,0.112917679,1.639220971,2.21332683,0.17657089,1.926273901,0.090019234,0.405954147
GGGGCACGAGGGACACGGTACCAGACATTTGTG,13916,15983,8799,8187,11706,33,GARGTRYQTFV,1,CGG,G,335,R,3272.006335,2936.767714,1760.086542,3520.772428,2054.599408,0.211035334,0.126479343,1.198859689,1.167328628,0.168757339,1.183094158,0.059790115,0.022295827
GGGGCACGAGGGACGAGATACCAGACATTTGTG,13772,11946,8045,8373,21253,33,GARGTRYQTFV,1,ACG,G,334,T,3238.148264,2194.996378,1609.261988,3600.760662,3730.258092,0.159381091,0.116850275,1.640440366,2.317993043,0.138115683,1.979216704,0.030073828,0.479102093
GGGGCACGAGGGACAAGATACCAGACCTTTGTG,10937,9904,5049,5745,9484,33,GARGTRYQTFV,1,ACC,C,338,T,2571.567497,1819.792745,1009.964422,2470.604324,1664.601127,0.166388657,0.092343826,1.357629505,1.648177985,0.129366242,1.502903745,0.052357603,0.205448801
GGGGCACGAGGGACACGCTACCAGACATTTGTG,9118,13632,4227,6682,7766,33,GARGTRYQTFV,1,CGC,C,335,R,2143.874229,2504.787429,845.5376535,2873.555804,1363.063301,0.274707987,0.092732798,1.147225417,1.612066944,0.183720393,1.379646181,0.12867589,0.328692596
GGGGCACGAGGGACCAGATACCAGACATTTGTG,6606,8117,3944,3489,5526,33,GARGTRYQTFV,1,ACC,C,334,T,1553.238995,1491.44363,788.9284375,1500.424454,969.9057177,0.225771061,0.119426043,1.006021564,1.22939632,0.172598552,1.117708942,0.075197284,0.157949804
,,,,,,,,,,,,,,,,,,,,EXCLUDE FULLY WT,,,,,
,,,,,,,,,,,,,,,,,,,A,1.043908894,1.378169093,,,,
,,,,,,,,,,,,,,,,,,,SD,0.305934831,0.519212557,,,,
,,,,,,,,,,,,,,,,,,,A-2SD,0.432039231,0.339743978,,,,
,,,,,,,,,,,,,,,,,,,A+2SD,1.655778556,2.416594207,,,,