"dist_codon","aa_seq","mutcod_index","mut_aa","num_nt_seqs","inAvPlasmid","inBvPlasmid","enrichA_avg","enrichB_avg","inVplasmid_Avg_RepAndAA","inVplasmid_SD_RepAndAA","enrich_Avg_RepAndAA","enrich_SD_RepAndAA"
1,"*ARGTRYQTFV",330,"*",1,0.280653145982151,0.129049233581072,1.50998967515489,2.89398829517455,0.204851189781611,0.107200154513214,2.20198898516472,0.978634809368725
1,"AARGTRYQTFV",330,"A",2,0.298794378830329,0.160174371517608,0.900193309075687,1.76051708076836,0.229484375173968,0.0800322985370675,1.33035519492202,0.502957858509161
1,"CARGTRYQTFV",330,"C",1,0.209177413449911,0.157596134952956,1.34557112947354,1.18135716991367,0.183386774201433,0.0364734718074687,1.26346414969361,0.116116804370272
1,"DARGTRYQTFV",330,"D",1,0.155630517002699,0.157038910133408,0.676665565293039,0.436728137876096,0.156334713568054,0.00099588433330144,0.556696851584567,0.169661381986975
1,"EARGTRYQTFV",330,"E",1,0.224239678581637,0.128441747487712,0.967922813454311,1.25777268523775,0.176340713034674,0.0677393667001558,1.11284774934603,0.204954809864118
1,"FARGTRYQTFV",330,"F",1,0.233914227455364,0.195389643089601,0.862338400844535,1.61182730226663,0.214651935272483,0.0272409948474245,1.23708285155558,0.52996868461962
1,"GARGTRYQTFV",330,"G",1,0.197182263019828,0.131805420903392,0.863025192170728,1.20430286216652,0.16449384196161,0.0462284083930944,1.03366402716862,0.241319754721567
1,"HARGTRYQTFV",330,"H",1,0.254609058629647,0.172602055932096,1.215528013848,1.94324650459948,0.213605557280871,0.057987707712222,1.57938725922374,0.514574679605214
1,"IARGTRYQTFV",330,"I",1,0.286123841680154,0.200192017326583,0.795529942305294,1.34429136194662,0.243157929503368,0.0607629757201415,1.06991065212596,0.388032921081939
1,"KARGTRYQTFV",330,"K",1,0.342741513732513,0.173985961480861,1.21289497519957,3.09544817697379,0.258363737606687,0.119328195360024,2.15417157608668,1.331166134919
1,"LARGTRYQTFV",330,"L",3,0.319629721674228,0.161038050626477,1.06482403098832,1.66500300356321,0.240333886150352,0.0868642356652918,1.36491351727576,0.47084635491213
1,"MARGTRYQTFV",330,"M",1,0.353126319189296,0.188071113766895,0.817180332323638,1.25889872637969,0.270598716478095,0.116711655024318,1.03803952935166,0.312342071811864
1,"NARGTRYQTFV",330,"N",1,0.0929497766678011,0.155491651286042,3.75931586232652,0.345119829686284,0.124220713976922,0.0442237836506773,2.0522178460064,2.41420116698012
1,"PARGTRYQTFV",330,"P",2,0.231510314800693,0.166972494899618,1.13000837103128,2.57576707987867,0.199241404850155,0.0372609276927969,1.85288772545497,1.28249729846614
1,"QARGTRYQTFV",330,"Q",1,0.30253541429251,0.148678935387584,0.833883115454674,2.33653177118177,0.225607174840047,0.108792959563158,1.58520744331822,1.06253305420548
1,"RARGTRYQTFV",330,"R",3,0.246129253047586,0.175543113017046,2.64480386565721,3.51448881011538,0.210836183032316,0.0386616211419452,3.0796463378863,0.858439875181773
1,"SARGTRYQTFV",330,"S",3,0.246871996872443,0.152502330055067,0.542427272885075,1.23831362239018,0.199687163463755,0.0516883952601234,0.89037044763763,0.595989012848286
1,"TARGTRYQTFV",330,"T",2,0.323343202074643,0.125111225490459,0.427376815888101,0.593373328860578,0.224227213782551,0.11444928504287,0.51037507237434,0.369355165271158
1,"VARGTRYQTFV",330,"V",2,0.247811598682877,0.161096617908867,1.35857622082518,2.16081932573441,0.204454108295872,0.0500649174926483,1.7596977732798,0.482149685845481
1,"WARGTRYQTFV",330,"W",1,0.284126953640633,0.138652340864541,0.986677829121074,1.98817775063591,0.211389647252587,0.102866085184462,1.48742778987849,0.708167385860935
1,"YARGTRYQTFV",330,"Y",1,0.159165697822402,0.158920751004463,2.13928010430841,0.996889099531056,0.159043224413432,0.000173203555994727,1.56808460191973,0.807792426244579
1,"G*RGTRYQTFV",331,"*",1,0.308592028526913,0.145140138482368,0.42491071067018,1.12880224345501,0.226866083504641,0.115577939848255,0.776856477062593,0.497726476051944
1,"GARGTRYQTFV",331,"A",2,0.190583163816959,0.149841075746258,0.909124018873135,0.75186028551082,0.170212119781608,0.0235224555149669,0.830492152191977,0.294912863407067
1,"GCRGTRYQTFV",331,"C",1,0.296437474905295,0.162998989790951,0.786876754197429,1.5867748284895,0.229718232348123,0.0943552576956126,1.18682579134347,0.565613352589986
1,"GDRGTRYQTFV",331,"D",1,0.21168493366341,0.147901247882568,1.01264577068019,1.13767881096738,0.179793090772989,0.0451018767447054,1.07516229082378,0.0884117106594403
1,"GERGTRYQTFV",331,"E",1,0.228973140049094,0.155449885189358,0.842804057366557,1.29940558885643,0.192211512619226,0.0519887920862262,1.07110482311149,0.322866039216651
1,"GFRGTRYQTFV",331,"F",1,0.354585299669107,0.18194451418393,1.00508326407606,0.769685106610292,0.268264906926519,0.12207547012594,0.887384185343174,0.16645163342286
1,"GGRGTRYQTFV",331,"G",2,0.230449479986011,0.160285795068,1.13852212714699,1.62666041737073,0.195367637527005,0.0405090223747501,1.38259127225886,0.292979582974614
1,"GHRGTRYQTFV",331,"H",1,0.233698777907075,0.194019562336652,0.888736915370085,1.43802834085023,0.213859170121864,0.0280574424020087,1.16338262811016,0.388407691804635
1,"GIRGTRYQTFV",331,"I",1,0.289825170081241,0.208547140922984,1.58432741743744,1.25182931249578,0.249186155502112,0.0574722455792816,1.41807836496661,0.235111664735928
1,"GKRGTRYQTFV",331,"K",1,0.242199214868128,0.156885862402824,0.852948179564493,1.09973990918249,0.199542538635476,0.0603256500539745,0.976344044373493,0.174508105553645
1,"GLRGTRYQTFV",331,"L",3,0.282298997079915,0.200683697152682,0.797869842364924,0.968272622639322,0.241491347116299,0.0447025408076956,0.883071232502123,0.276681414965704
1,"GMRGTRYQTFV",331,"M",1,0.265525853804016,0.170063452656758,0.412783180044288,0.466063640139501,0.217794653230387,0.0675021111995767,0.439423410091894,0.0376749746380639
1,"GNRGTRYQTFV",331,"N",1,0.159212297729688,0.175820831423564,0.948533155816009,2.12877978333581,0.167516564576626,0.0117440068005043,1.53865646957591,0.834560393791802
1,"GPRGTRYQTFV",331,"P",2,0.133855053019521,0.15562167807488,0.89678040665386,0.412756143846828,0.1447383655472,0.0125669668350612,0.654768275250344,0.52898826605696
1,"GQRGTRYQTFV",331,"Q",1,0.252837939408462,0.130776908955384,1.31530675824868,1.88408164131627,0.191807424181923,0.086310182351989,1.59969419978248,0.402184576785679
1,"GRRGTRYQTFV",331,"R",3,0.309669166167498,0.186499934300722,1.06242643151214,1.81063509619449,0.24808455023411,0.0674625666840172,1.43653076385332,0.514445945737897
1,"GSRGTRYQTFV",331,"S",3,0.300675292075574,0.170489024310421,0.448621782625784,1.12220516760453,0.235582158192997,0.0713059555323816,0.785413475115159,0.485967126143455
1,"GTRGTRYQTFV",331,"T",2,0.195714322942706,0.166020491045597,2.0657226392887,1.48676898389396,0.180867406994152,0.0171437418390677,1.77624581159133,0.478278235309482
1,"GVRGTRYQTFV",331,"V",2,0.22463681113019,0.152137277722015,1.02805907884581,1.49263038486453,0.188387044426102,0.0418576251293318,1.26034473185517,0.306387655151385
1,"GWRGTRYQTFV",331,"W",1,0.293039466055624,0.140002595966183,0.594664311106827,1.92797638939751,0.216521031010904,0.108213408611808,1.26132035025217,0.942794011997269
1,"GYRGTRYQTFV",331,"Y",1,0.136570606844244,0.130927647975205,1.182172873794,2.47727120390708,0.133749127409724,0.00399017448225398,1.82972203885054,0.915772811526339
1,"GA*GTRYQTFV",332,"*",1,0.204336866337961,0.137205497733894,1.59479009030016,0.958079881484069,0.170771182035928,0.0474690459702698,1.27643498589211,0.450222106304561
1,"GAAGTRYQTFV",332,"A",2,0.275572324001846,0.160644174737396,0.76533027025881,1.06600708600302,0.218108249369621,0.0663537979152955,0.915668678130917,0.195390162908637
1,"GACGTRYQTFV",332,"C",1,0.253693072454707,0.162870372095277,0.680846558884132,1.35386619878327,0.208281722274992,0.0642213473098266,1.0173563788337,0.47589675124441
1,"GADGTRYQTFV",332,"D",1,0.233298243285992,0.197097645973569,0.38958218960222,0.303758632175652,0.21519794462978,0.0255976878426178,0.346670410888936,0.0606864194418797
1,"GAEGTRYQTFV",332,"E",1,0.300415425663068,0.193539758205013,0.719427764457064,1.78241705975231,0.246977591934041,0.0755725092034287,1.25092241210469,0.751646939031979
1,"GAFGTRYQTFV",332,"F",1,0.306864681125408,0.155340089039431,0.967124194080328,1.52229896629166,0.231102385082419,0.107144066580519,1.24471158018599,0.39256784617433
1,"GAGGTRYQTFV",332,"G",2,0.175956294170817,0.158074741885608,1.13315132151569,0.997885240995646,0.167015518028212,0.0103239190253941,1.06551828125567,0.104064278902719
1,"GAHGTRYQTFV",332,"H",1,0.25957154888298,0.156041288463267,0.654021017532571,1.52067241431812,0.207806418673123,0.0732069492007883,1.08734671592535,0.612815079591855
1,"GAIGTRYQTFV",332,"I",1,0.252974750181892,0.116223791090452,1.0615762791958,2.34005405382109,0.184599270636172,0.096697530507321,1.70081516650845,0.904020304033832
1,"GAKGTRYQTFV",332,"K",1,0.204943575223106,0.162018713811359,1.21513904623283,1.08686943673131,0.183481144517233,0.0303524605857388,1.15100424148207,0.0907003106986737
1,"GALGTRYQTFV",332,"L",3,0.242813948461818,0.137905036001261,0.656918839339203,1.49486831756097,0.19035949223154,0.0574609778379821,1.07589357845009,0.510217343418267
1,"GAMGTRYQTFV",332,"M",1,0.262562150663953,0.15084133401112,0.516310608558011,1.09772598057234,0.206701742337536,0.0789985470549172,0.807018294565175,0.41112275223743
1,"GANGTRYQTFV",332,"N",1,0.234992703374877,0.088335684029186,0.464028212766103,0.603838288919394,0.161664193702032,0.103702172887945,0.533933250842749,0.0988606529261993
1,"GAPGTRYQTFV",332,"P",2,0.425243325966199,0.18027003058866,1.24289012152475,2.88541275456553,0.30275667827743,0.141435398030492,2.06415143804514,1.16006722132889
1,"GAQGTRYQTFV",332,"Q",1,0.184357278706477,0.149318776233793,0.91362096304386,0.919779924204041,0.166838027470135,0.024775962701057,0.916700443623951,0.00435504320142855
1,"GARGTRYQTFV",332,"R",3,0.204571869392469,0.121614219716282,0.93695190381822,1.35334005528202,0.163093044554375,0.0454377760452587,1.14514597955012,0.350304090219262
1,"GASGTRYQTFV",332,"S",3,0.220614918997907,0.171503490177732,0.881283021725941,1.12713639506231,0.196059204587819,0.0268994373961193,1.00420970839412,0.250205104848976
1,"GATGTRYQTFV",332,"T",2,0.189452518937993,0.132864735518363,0.991683021542476,1.64752053666482,0.161158627228178,0.0326709719901676,1.31960177910365,0.41169080891759
1,"GAVGTRYQTFV",332,"V",2,0.269897988159435,0.174066501902346,0.833548805285463,2.05317755307955,0.221982245030891,0.055328334387372,1.44336317918251,0.726495859616249
1,"GAWGTRYQTFV",332,"W",1,0.276621220283301,0.146632114443133,0.42324864481999,0.750918905026013,0.211626667363217,0.091916178219959,0.587083774923001,0.231697862984839
1,"GAYGTRYQTFV",332,"Y",1,0.181251051850213,0.139995664768357,2.03658478887847,1.91132501590342,0.160623358309285,0.0291719639660563,1.97395490239095,0.0885720348805486
1,"GAR*TRYQTFV",333,"*",1,0.182663777924054,0.119405862250876,0.720733661305367,1.6829213250669,0.151034820087465,0.0447301011362311,1.20182749318613,0.680369421819819
1,"GARATRYQTFV",333,"A",2,0.234943996483347,0.250686584378832,1.37645868386629,1.42858633296063,0.24281529043109,0.00908898735919996,1.40252250841346,0.342702731635488
1,"GARCTRYQTFV",333,"C",1,0.296875048963883,0.186032831136729,0.50243072633058,1.25356067756151,0.241453940050306,0.078377283867337,0.877995701946044,0.53112908206771
1,"GARDTRYQTFV",333,"D",1,0.221168583974558,0.12569010520627,0.789919983403425,1.20200068891551,0.173429344590414,0.0675134797944318,0.99596033615947,0.291385061263735
1,"GARETRYQTFV",333,"E",1,0.247060519145516,0.149750710442032,0.778947185267995,1.12020854042468,0.198405614793774,0.0688084256101992,0.949577862846339,0.241308218388205
1,"GARGTRYQTFV",333,"G",1,0.174989542296013,0.163289168988025,0.837487093286285,1.07774901527839,0.169139355642019,0.00827341330849238,0.957618054282336,0.169890834301529
1,"GARKTRYQTFV",333,"K",1,0.30204855166145,0.137160719131767,1.52617142148922,1.07353958507166,0.219604635396608,0.11659330451689,1.29985550328044,0.32005904091178
1,"GARLTRYQTFV",333,"L",2,0.18435750596138,0.143915661808383,1.5702142072378,2.42943351091446,0.164136583884881,0.0233491096082577,1.99982385907613,0.675479022268849
1,"GARMTRYQTFV",333,"M",1,0.28624435583421,0.125012760215839,0.662903200389951,2.3206566959276,0.205628558025024,0.114007954603278,1.49177994815877,1.17220873823037
1,"GARPTRYQTFV",333,"P",1,0.263972682246125,0.0945975859782737,1.32095189621869,4.49539443751851,0.179285134112199,0.119766279135122,2.9081731668686,2.24466984744016
1,"GARQTRYQTFV",333,"Q",1,0.255820463548005,0.17863954309529,0.860203982518229,1.35604521510068,0.217230003321647,0.0545751522303348,1.10812459880945,0.350612697950946
1,"GARRTRYQTFV",333,"R",3,0.288089541483206,0.15362930202656,0.774706133182339,1.51839322589912,0.220859421754883,0.0736469062379512,1.14654967954073,0.48182496005773
1,"GARSTRYQTFV",333,"S",2,0.215177838534565,0.148385259022307,0.92790601448249,0.839009209090093,0.181781548778436,0.0385627137612721,0.883457611786292,0.215294782402754
1,"GARTTRYQTFV",333,"T",1,0.574476418611496,0.194077816001622,1.03241942726085,2.20653214499236,0.384277117306559,0.268982431459329,1.61947578612661,0.830223064585317
1,"GARVTRYQTFV",333,"V",2,0.254606069415925,0.13991577766234,1.27586981727265,2.13764372377134,0.197260923539132,0.0662164708173689,1.706756770522,0.662115059058777
1,"GARWTRYQTFV",333,"W",1,0.205541649365675,0.130485841071954,1.73786137917451,2.31625405011511,0.168013745218814,0.0530724710119276,2.02705771464481,0.408985379810695
1,"GARG*RYQTFV",334,"*",1,0.184799204766149,0.106245091894273,1.50300308482482,1.34783779188491,0.145522148330211,0.0555461459017968,1.42542043835487,0.10971843084261
1,"GARGARYQTFV",334,"A",2,0.232368888034247,0.154735207424595,1.10124909215023,1.34577846299257,0.193552047729421,0.044821826398164,1.2235137775714,0.242032401738182
1,"GARGCRYQTFV",334,"C",1,0.154238278101768,0.140228313281806,1.39190892920876,0.851380946548843,0.147233295691787,0.00990654112838016,1.1216449378788,0.382211001959915
1,"GARGDRYQTFV",334,"D",1,0.241398093980262,0.130243537525563,0.28486566534896,0.698770432506898,0.185820815752912,0.0785981406289008,0.491818048927929,0.292674867622817
1,"GARGERYQTFV",334,"E",1,0.13816016022692,0.108444901264552,0.380893782663113,0.55340444119486,0.123302530745736,0.0210118611170042,0.467149111928987,0.121983456474755
1,"GARGFRYQTFV",334,"F",1,0.233453535180922,0.114861180725328,0.953655104011008,1.09407168098163,0.174157357953125,0.0838574580324292,1.02386339249632,0.0992895137669303
1,"GARGGRYQTFV",334,"G",2,0.27480275632351,0.151239662317168,1.07135261757785,1.84665146588956,0.213021209320339,0.0713391855864645,1.4590020417337,0.473153879653946
1,"GARGHRYQTFV",334,"H",1,0.18711529336211,0.115265171740801,0.597872646280529,1.56415098805613,0.151190232551456,0.0508057082275057,1.08101181716833,0.683261967983217
1,"GARGIRYQTFV",334,"I",1,0.153614825074234,0.100958237498288,0.801111845396173,1.58296237880406,0.127286531286261,0.0372338301490951,1.19203711210012,0.552851814047035
1,"GARGKRYQTFV",334,"K",1,0.143125335522468,0.0727525665934918,0.98686208878,2.90120668612188,0.10793895105798,0.0497610621205533,1.94403438745094,1.35364604630827
1,"GARGLRYQTFV",334,"L",3,0.168923818788741,0.137701614626839,1.16201077664738,1.13700824389942,0.15331271670779,0.0171011055145057,1.1495095102734,0.399974650324217
1,"GARGMRYQTFV",334,"M",1,0.237067808928406,0.147142929061352,0.601972268073206,1.25188297556268,0.192105368994879,0.0635864923513791,0.926927621817941,0.459556268431551
1,"GARGNRYQTFV",334,"N",1,0.350248683591253,0.176488153249042,0.825154685793843,1.32033083247765,0.263368418420148,0.122867249307548,1.07274275913575,0.350142411201947
1,"GARGPRYQTFV",334,"P",2,0.236874062489789,0.149056820298922,1.75123645044366,1.5559346132778,0.192965441394356,0.0507013084183879,1.65358553186073,0.355194291649993
1,"GARGQRYQTFV",334,"Q",1,0.187391756109799,0.119094909484597,1.05755381909381,0.93900741360631,0.153243332797198,0.0482931633823373,0.998280616350059,0.0838249672054997
1,"GARGRRYQTFV",334,"R",3,0.194461626197365,0.113334903138847,0.599220023577938,1.61142254709572,0.153898264668106,0.0444349362356248,1.10532128533683,0.649293821220967
1,"GARGSRYQTFV",334,"S",3,0.21758843214523,0.121752928775392,1.37287700247452,1.69911647197394,0.169670680460311,0.052491267005523,1.53599673722423,0.314733218763621
1,"GARGTRYQTFV",334,"T",2,0.192576075828156,0.118138158830172,1.32323096513213,1.77369468134923,0.155357117329164,0.042976751416701,1.54846282324068,0.576391817113217
1,"GARGVRYQTFV",334,"V",2,0.166864505623955,0.125124212079943,0.656152397545652,1.17496541219659,0.145994358851949,0.0240987697136894,0.91555890487112,0.315997846608868
1,"GARGWRYQTFV",334,"W",1,0.331749043061988,0.161443605853679,1.00660343171842,2.12192023352328,0.246596324457833,0.120424129522935,1.56426183262085,0.788648073727509
1,"GARGYRYQTFV",334,"Y",1,0.160678746399915,0.101998587352003,0.905804370761542,1.17069648662497,0.131338666875959,0.0414931383838835,1.03825042869326,0.187307011409885
1,"GARGT*YQTFV",335,"*",1,0.142646573986087,0.106261583080745,0.964310052344326,1.4464249239027,0.124454078533416,0.0257280738025778,1.20536748812351,0.340906694989807
1,"GARGTAYQTFV",335,"A",2,0.237769744858287,0.123718739076532,0.707714011335371,1.52814012456327,0.18074424196741,0.0658473788894441,1.11792706794932,0.632028160112026
1,"GARGTCYQTFV",335,"C",1,0.184708500664744,0.11731180477982,2.01062548367493,2.09338720874007,0.151010152722282,0.0476566606897968,2.0520063462075,0.05852137701626
1,"GARGTDYQTFV",335,"D",1,0.283009156246662,0.171250901229454,1.28570051951812,2.17804917438722,0.227130028738058,0.0790250199762433,1.73187484695267,0.630985785040631
1,"GARGTEYQTFV",335,"E",1,0.184787529948745,0.131351187772809,1.41022119424545,1.92570942715514,0.158069358860777,0.0377851999144095,1.66796531070029,0.36450522511231
1,"GARGTFYQTFV",335,"F",1,0.266424834487886,0.166120938321223,0.927666506035417,1.12545224690977,0.216272886404554,0.0709255651588791,1.02655937647259,0.139855638594261
1,"GARGTGYQTFV",335,"G",2,0.232780060735321,0.143685059405397,0.80101362539887,1.63035061582226,0.188232560070359,0.0514390230012816,1.21568212061056,0.532099915212103
1,"GARGTHYQTFV",335,"H",1,0.207945273155487,0.121222450824888,1.08478114768674,2.39442532285279,0.164583861990187,0.0613222957536029,1.73960323526976,0.926058277201382
1,"GARGTIYQTFV",335,"I",1,0.114567261647126,0.136278065655166,0.71824120285262,1.03640299616358,0.125422663651146,0.0153518567390972,0.877322099508101,0.224974361564654
1,"GARGTKYQTFV",335,"K",1,0.225770111385661,0.121949392656517,0.727845939326455,1.59356020518598,0.173859752021089,0.0734123342410388,1.16070307225622,0.612152427959207
1,"GARGTLYQTFV",335,"L",3,0.203042785020286,0.128744992681408,1.10474050381407,1.60869256977612,0.165893888850847,0.0406945768368379,1.35671653679509,0.490524619050746
1,"GARGTMYQTFV",335,"M",1,0.290159848050782,0.178794451343882,0.519084918792179,1.76341369694967,0.234477149697332,0.0787472272009786,1.14124930787092,0.879873317060734
1,"GARGTNYQTFV",335,"N",1,0.255474792524589,0.158214715544649,0.747750664169435,1.0596432897343,0.206844754034619,0.0687732599712416,0.90369697695187,0.220541390538995
1,"GARGTPYQTFV",335,"P",2,0.184109646447713,0.139802578533988,0.799965604618393,1.26121578545827,0.16195611249085,0.0255806975869925,1.03059069503833,0.344214440145367
1,"GARGTQYQTFV",335,"Q",1,0.225288723512028,0.141587645909076,0.943933457611774,0.858045773491177,0.183438184710552,0.0591855995656687,0.900989615551476,0.0607317638620827
1,"GARGTRYQTFV",335,"R",3,0.241989140986713,0.110709940218699,1.32843535895993,1.6642408009177,0.176349540602706,0.0719045795918911,1.49633807993882,0.41629360378303
1,"GARGTSYQTFV",335,"S",3,0.228775121687398,0.125394463337874,0.964465960081362,1.43418006588511,0.177084792512636,0.0566239185877695,1.19932301298323,0.344396913357803
1,"GARGTTYQTFV",335,"T",2,0.242802382004072,0.148005782338544,0.898783592770626,1.36115394380044,0.195404082171308,0.0547308423351533,1.12996876828553,0.651214519281935
1,"GARGTVYQTFV",335,"V",2,0.233482066861474,0.110315346952993,0.741156658907333,1.25023938054334,0.171898706907233,0.0711103388943648,0.995698019725338,0.305864428271654
1,"GARGTWYQTFV",335,"W",1,0.278664430200105,0.110243135238797,0.760418948793637,2.60249077805983,0.194453782719451,0.11909183976336,1.68145486342673,1.30254148190683
1,"GARGTYYQTFV",335,"Y",1,0.247745902296575,0.12571696477634,0.635704783398227,1.38547893841303,0.186731433536457,0.0862874892215472,1.01059186090563,0.530170389369384
1,"GARGTR*QTFV",336,"*",1,0.216408255130809,0.161412015315315,0.854298353423994,1.56498644664571,0.188910135223062,0.0388882141132971,1.20964240003485,0.502532370025611
1,"GARGTRAQTFV",336,"A",2,0.174614657365299,0.114293037279411,1.24018249535237,1.50992120395143,0.144453847322355,0.0348267035945414,1.3750518496519,0.569909225411687
1,"GARGTRCQTFV",336,"C",1,0.321524869586693,0.156162824220586,0.986134694197138,1.7826001799569,0.23884384690364,0.116928623629252,1.38436743707702,0.563186145961767
1,"GARGTRDQTFV",336,"D",1,0.219182908354081,0.126848768608087,1.2633350032164,2.19942314834053,0.173015838481084,0.0652900963494182,1.73137907577847,0.661914275205608
1,"GARGTREQTFV",336,"E",1,0.283202220121114,0.149585637028366,1.38801475069903,2.39935063902707,0.21639392857474,0.0944811919838581,1.89368269486305,0.71512246469408
1,"GARGTRFQTFV",336,"F",1,0.131076164336348,0.088794345357683,0.986675832157476,2.91591588095991,0.109935254847015,0.0298977609207158,1.95129585655869,1.36417872104487
1,"GARGTRGQTFV",336,"G",2,0.234289427324802,0.146289527360673,0.827387910013865,1.56549854198524,0.190289477342738,0.0508067659329503,1.19644322599955,0.489707503865967
1,"GARGTRHQTFV",336,"H",1,0.107045593412031,0.156982513710189,1.5402019037448,1.85896624588119,0.13201405356111,0.0353107349743996,1.69958407481299,0.225400427925113
1,"GARGTRIQTFV",336,"I",1,0.038414676180016,0.116848768576393,3.87034520335083,1.38842426299959,0.0776317223782046,0.0554612786096905,2.62938473317521,1.75498312729126
1,"GARGTRKQTFV",336,"K",1,0.207060634892155,0.18032339843415,0.990505138717084,1.63211561688235,0.193692016663152,0.0189060812096431,1.31131037779972,0.453687119991
1,"GARGTRLQTFV",336,"L",3,0.152276412077151,0.103390073342343,0.883171237489667,1.57425558864288,0.127833242709747,0.0267761504788927,1.22871341306628,1.10242715197258
1,"GARGTRMQTFV",336,"M",1,0.216354363634168,0.0963697362299305,1.03235632978688,1.72230688853563,0.156362049932049,0.0848419436756774,1.37733160916126,0.487868718774691
1,"GARGTRNQTFV",336,"N",1,0.278749981461363,0.129759089435458,0.514253270382888,1.28999079258189,0.20425453544841,0.10535247008655,0.902122031482389,0.548529262367764
1,"GARGTRPQTFV",336,"P",2,0.22668352295753,0.143054264397373,1.62238063907035,3.33004643639433,0.184868893677451,0.0482833749418353,2.47621353773234,1.58043755619933
1,"GARGTRQQTFV",336,"Q",1,0.0949667039081389,0.117849917273023,0.729301811752985,1.30575951182514,0.106408310590581,0.0161808753456485,1.01753066178906,0.407617148788223
1,"GARGTRRQTFV",336,"R",3,0.219590585023493,0.127111383639913,1.32267890025744,3.0513421516984,0.173350984331703,0.0506529446978499,2.18701052597792,1.04991486298554
1,"GARGTRSQTFV",336,"S",3,0.229833071138706,0.155364613018103,1.29266010153488,1.25068798419951,0.192598842078405,0.0407880543352829,1.27167404286719,0.540125134633164
1,"GARGTRTQTFV",336,"T",2,0.180152533626142,0.13862913514999,1.52242063335211,1.7486985483116,0.159390834388066,0.0239735452878742,1.63555959083186,1.45172566361266
1,"GARGTRVQTFV",336,"V",2,0.302825437936061,0.122338499350605,1.0106770987889,2.24010779164242,0.212581968643333,0.104204182577525,1.62539244521566,0.907917896350937
1,"GARGTRWQTFV",336,"W",1,0.269734379695918,0.145023609843683,1.11532080563669,1.52559719799665,0.2073789947698,0.0881838310495103,1.32045900181667,0.290109219198482
1,"GARGTRY*TFV",337,"*",1,0.194436195673369,0.112708618915224,0.918291992220149,1.50291241240956,0.153572407294297,0.0577901237356285,1.21060220231486,0.413389063536064
1,"GARGTRYATFV",337,"A",2,0.229266412543047,0.14226900729787,1.43539951947068,1.61700294703595,0.185767709920459,0.0502279753371019,1.52620123325332,0.561271210379793
1,"GARGTRYCTFV",337,"C",1,0.253435496994095,0.167470377143603,1.01784115061139,1.22613139854036,0.210452937068849,0.0607865191917969,1.12198627457588,0.147283446765608
1,"GARGTRYDTFV",337,"D",1,0.320750090268592,0.193256447463922,0.617997868990034,0.550756960619409,0.257003268866257,0.0901516193853577,0.584377414804721,0.0475465022820117
1,"GARGTRYETFV",337,"E",1,0.226048051741379,0.0978835524312942,0.777672280404756,1.85440078357516,0.161965802086336,0.0906259865695394,1.31603653198996,0.761362026088635
1,"GARGTRYFTFV",337,"F",1,0.0727755428037688,0.172859565432506,2.73054071186088,1.80639846668436,0.122817554118137,0.070770091089208,2.26846958927262,0.653467248345277
1,"GARGTRYGTFV",337,"G",2,0.204290950886605,0.12584702938376,0.549401856758392,1.31280858895789,0.165068990135182,0.0452896191959577,0.93110522285814,0.487902447972762
1,"GARGTRYHTFV",337,"H",1,0.108311098479985,0.133426204176648,2.61024531538179,2.00337334037039,0.120868651328316,0.0177590615483278,2.30680932787609,0.429123288842639
1,"GARGTRYITFV",337,"I",1,0.264786851883956,0.123953657601951,1.09448667914315,1.75488204307147,0.194370254742953,0.0995841066929686,1.42468436110731,0.466970040097873
1,"GARGTRYKTFV",337,"K",1,0.258152621486654,0.139261502439999,1.92900793155983,1.9457751697659,0.198707061963326,0.0840687165007463,1.93739155066286,0.0118562278372822
1,"GARGTRYLTFV",337,"L",3,0.273320609604729,0.14650279932304,1.067073255538,1.51958047693283,0.209911704463884,0.0694609753846912,1.29332686623541,0.312979687106088
1,"GARGTRYMTFV",337,"M",1,0.257645143394015,0.195511400394785,1.23109313469546,0.616090370393456,0.2265782718944,0.0439351910152577,0.923591752544459,0.434872625086419
1,"GARGTRYNTFV",337,"N",1,0.41558300855084,0.159848934308553,0.675166730598897,2.56365905114907,0.287715971429696,0.180831298077185,1.61941289087398,1.33536572607975
1,"GARGTRYPTFV",337,"P",2,0.291775549141264,0.123791686240675,0.686346586888401,1.22034491314408,0.20778361769097,0.0969855284651686,0.953345750016242,0.417986232501057
1,"GARGTRYRTFV",337,"R",3,0.24772505450698,0.139651276322841,1.46662970156364,2.20265523519337,0.193688165414911,0.059194446186263,1.83464246837851,0.531005466412748
1,"GARGTRYSTFV",337,"S",3,0.216263134074627,0.158510292049526,1.2191156455436,1.62581251146226,0.187386713062077,0.0316325343371804,1.42246407850293,0.780990416891929
1,"GARGTRYTTFV",337,"T",2,0.280749241648385,0.108772352463992,1.2679488678173,5.42743105987276,0.194760797056189,0.0992909032650038,3.34768996384503,4.36462752739534
1,"GARGTRYVTFV",337,"V",2,0.327648498867161,0.139534749011187,0.676722016042792,2.44882697527627,0.233591623939174,0.108607524117617,1.56277449565953,1.0742252836251
1,"GARGTRYWTFV",337,"W",1,0.313663548587288,0.184206702747185,0.932324331068393,1.68075571823989,0.248935125667237,0.0915398135645583,1.30654002465414,0.529220909121822
1,"GARGTRYYTFV",337,"Y",1,0.0876573108636493,0.0683244612604019,2.51011244644861,3.26864909468787,0.0779908860620256,0.0136703890541159,2.88938077056824,0.536366407748493
1,"GARGTRYQ*FV",338,"*",1,0.218766757063755,0.128553896414172,0.715620063576839,2.05836743257514,0.173660326738963,0.0637901255155572,1.38699374807599,0.949465770039096
1,"GARGTRYQAFV",338,"A",2,0.25178801104108,0.142002002384964,0.617665834135369,1.34369572651997,0.196895006713022,0.0633849816508628,0.980680780327668,0.442363020933609
1,"GARGTRYQCFV",338,"C",1,0.248838044041049,0.135874945671116,0.53122570761983,0.929857988851804,0.192356494856082,0.0798769728812228,0.730541848235817,0.281875589258992
1,"GARGTRYQDFV",338,"D",1,0.149680297067426,0.142468407236167,1.10516028186694,1.46888212821241,0.146074352151797,0.00509957620485355,1.28702120503968,0.257190184016576
1,"GARGTRYQEFV",338,"E",1,0.176110197182384,0.121785785097169,0.765263749659285,1.5454009056054,0.148947991139777,0.0384131601694281,1.15533232763234,0.551640273225087
1,"GARGTRYQFFV",338,"F",1,0.169512267227128,0.147615393912375,1.1715486723601,1.0198955711773,0.158563830569751,0.0154834276076448,1.0957221217687,0.107234936234332
1,"GARGTRYQGFV",338,"G",2,0.228125100814185,0.156269075684435,0.892318867747296,1.24758609769823,0.19219708824931,0.0414860954515579,1.06995248272276,0.334748507577129
1,"GARGTRYQHFV",338,"H",1,0.247548311489934,0.144229571361423,0.974749463673965,1.97118308384319,0.195888941425679,0.0730573817685206,1.47296627375858,0.704584969823921
1,"GARGTRYQIFV",338,"I",1,0.249288360218241,0.169405484110918,0.917744156889459,1.67079587446414,0.20934692216458,0.0564857233961727,1.2942700156768,0.532487976081231
1,"GARGTRYQKFV",338,"K",1,0.225194652334343,0.118652146930746,0.778662797919355,2.53779819834424,0.171923399632544,0.0753369280554879,1.6582304981318,1.24389657066575
1,"GARGTRYQLFV",338,"L",3,0.289952658605919,0.154062220905011,0.593955287936166,1.37878020929307,0.222007439755465,0.0744302580780379,0.986367748614618,0.670961987104957
1,"GARGTRYQMFV",338,"M",1,0.183843564814965,0.147423378729569,1.03868815393627,1.15785000379142,0.165633471772267,0.025752960553059,1.09826907886385,0.0842601520913128
1,"GARGTRYQNFV",338,"N",1,0.208641202276772,0.117200724318895,0.990328131355985,2.46905791930652,0.162920963297834,0.0646581820389537,1.72969302533125,1.04561986060237
1,"GARGTRYQPFV",338,"P",2,0.318843073521058,0.156131185866872,0.235482513429368,0.702539078384317,0.237487129693965,0.0939417521374965,0.469010795906842,0.301788197602969
1,"GARGTRYQQFV",338,"Q",1,0.209108140007358,0.129211421451164,1.08215676875314,1.75588442367542,0.169159780729261,0.0564955114856375,1.41902059621428,0.476397393468459
1,"GARGTRYQRFV",338,"R",3,0.436115706271427,0.22540962603306,1.26818658060598,2.68419394645122,0.330762666152244,0.115408473150047,1.9761902635286,0.837051845957531
1,"GARGTRYQSFV",338,"S",3,0.454542672108946,0.261393612249813,0.731209587976167,1.57597965119996,0.357968142179379,0.105792097045763,1.15359461958806,0.706113660062203
1,"GARGTRYQTFV",338,"T",2,0.197258939023558,0.104257594268397,1.14300374950873,1.89304839104777,0.150758266645978,0.0536943514293892,1.51802607027825,0.508139884107392
1,"GARGTRYQVFV",338,"V",2,0.286548067241146,0.173554790485512,1.30812960749792,2.40376506756033,0.230051428863329,0.0652366987514832,1.85594733752913,0.639387446187893
1,"GARGTRYQWFV",338,"W",1,0.454409722129455,0.25477398749323,0.846953964384444,2.05593695215203,0.354591854811343,0.141163781728433,1.45144545826824,0.854880068989633
1,"GARGTRYQYFV",338,"Y",1,0.392403998018763,0.190696940076784,1.1228284960298,1.62995968189072,0.291550469047773,0.142628428483961,1.37639408896026,0.358595900473432
1,"GARGTRYQT*V",339,"*",1,0.23326033277572,0.103041994132466,0.608677093034602,1.77595848898316,0.168151163454093,0.0920782702894911,1.19231779100888,0.825392590628128
1,"GARGTRYQTAV",339,"A",2,0.227709130791247,0.145123884662306,1.25826350597627,1.77361481116939,0.186416507726777,0.0476806140836358,1.51593915857283,0.329024560644208
1,"GARGTRYQTDV",339,"D",1,0.22964822061846,0.123978816328144,1.49542561183161,2.35970291871174,0.176813518473302,0.0747195523376257,1.92756426527167,0.61113634452059
1,"GARGTRYQTEV",339,"E",1,0.347760655772996,0.162627501701108,0.98748071571881,2.03615705415115,0.255194078737052,0.130908908666686,1.51181888493498,0.741526150175384
1,"GARGTRYQTFV",339,"F",1,0.20159366986749,0.136433805282785,0.756256725984715,0.876373482272546,0.169013737575138,0.0460749821090421,0.81631510412863,0.084935372905257
1,"GARGTRYQTHV",339,"H",1,0.173216068749738,0.150849961364582,1.01159710638957,2.13722307022533,0.16203301505716,0.01581522620079,1.57441008830745,0.795937752107912
1,"GARGTRYQTIV",339,"I",1,0.396783169083085,0.19401359686083,0.741043374238568,1.44390901537494,0.295398382971957,0.143379739536652,1.09247619480675,0.497001061110558
1,"GARGTRYQTKV",339,"K",1,0.395080729817657,0.19072128828223,1.14448817091562,1.97512934554789,0.292901009049944,0.144503946909196,1.55980875823175,0.587352007315239
1,"GARGTRYQTLV",339,"L",3,0.198559132021103,0.147636137424893,1.66578093525077,2.09385245968738,0.173097634722998,0.0278916728360582,1.87981669746908,0.620779396160114
1,"GARGTRYQTMV",339,"M",1,0.259607693092338,0.133704343706659,0.80543826545965,1.93342664571197,0.196656018399498,0.0890271121247129,1.36943245558581,0.797608232776049
1,"GARGTRYQTNV",339,"N",1,0.171768932748544,0.1321863139394,1.11847148389686,2.18037429994404,0.151977623343972,0.0279891381770682,1.64942289192045,0.750878682188054
1,"GARGTRYQTPV",339,"P",2,0.250092059465376,0.110038813245679,0.906918347782329,2.09313186401755,0.180065436355527,0.080859779405823,1.50002510589994,0.819649001298946
1,"GARGTRYQTQV",339,"Q",1,0.269043059735476,0.174806213258217,1.52539066220965,2.48660184456507,0.221924636496846,0.0666355131817055,2.00599625338736,0.679678945195856
1,"GARGTRYQTSV",339,"S",2,0.207500013503611,0.127115698131071,1.16069852707439,2.13252522216203,0.167307855817341,0.0464099061189602,1.64661187461821,0.592466446993596
1,"GARGTRYQTTV",339,"T",2,0.251449771477871,0.140672403083705,0.541184563066266,1.39571221484483,0.196061087280788,0.0639573434624901,0.968448388955549,0.7014701543105
1,"GARGTRYQTVV",339,"V",2,0.20049191542853,0.134669978656315,1.7900121248679,2.40189500359865,0.167580947042423,0.0380023129140206,2.09595356423327,0.442642727249524
1,"GARGTRYQTYV",339,"Y",1,0.176487147301021,0.10508963311646,0.81760953178875,1.89631444520219,0.140788390208741,0.0504856664397657,1.35696198849547,0.762759559173889
1,"GARGTRYQTF*",340,"*",1,0.219355231555227,0.126529255879986,0.642622326281777,1.02912196347275,0.172942243717607,0.0656378768702206,0.835872144877264,0.273296514383877
1,"GARGTRYQTFA",340,"A",2,0.160454662471721,0.123951087128264,1.06901968283606,1.40018917688563,0.142202874799992,0.0210753490509288,1.23460442986084,0.304934396392162
1,"GARGTRYQTFC",340,"C",1,0.20061040890732,0.0975278392547187,1.38467287084913,1.29235880726965,0.149069124081019,0.072890384023489,1.33851583905939,0.0652759003559349
1,"GARGTRYQTFD",340,"D",1,0.115790234459748,0.104650671133956,1.06881165007126,0.853194304596744,0.110220452796852,0.00787686076712476,0.961002977334001,0.152464487126472
1,"GARGTRYQTFE",340,"E",1,0.073206956526449,0.0564419204210185,1.1473657206219,0.680003342257,0.0648244384737337,0.0118546707169873,0.913684531439448,0.330475107013291
1,"GARGTRYQTFF",340,"F",1,0.1992929684957,0.123579416159637,0.692240934522699,1.49655647916539,0.161436192327669,0.0535375662845522,1.09439870684404,0.568736975830596
1,"GARGTRYQTFG",340,"G",2,0.193286050831786,0.119236790183569,0.711246760304754,1.16883821068242,0.156261420507678,0.0427523605685411,0.94004248549359,0.290612461899325
1,"GARGTRYQTFH",340,"H",1,0.0877346504948277,0.108513842774079,2.84020655641452,1.18664106827894,0.0981242466344535,0.0146931077682381,2.01342381234673,1.16924736979671
1,"GARGTRYQTFI",340,"I",1,0.131053415311594,0.130605616977102,1.06159773393317,0.232105474119701,0.130829516144348,0.000316641238923504,0.646851604026435,0.586539601855857
1,"GARGTRYQTFK",340,"K",1,0.207248472690042,0.142387960634205,0.741003209957753,1.26336622079398,0.174818216662124,0.0458633079059143,1.00218471537587,0.369366427203321
1,"GARGTRYQTFL",340,"L",3,0.249517626616961,0.1367587323642,0.63404664642114,1.08169294968987,0.193138179490581,0.0617605899415765,0.857869798055505,0.468479318647275
1,"GARGTRYQTFM",340,"M",1,0.109219514091116,0.113298174100594,0.83447536980529,1.2951826674731,0.111258844095855,0.00288404815085639,1.06482901863919,0.325769254323037
1,"GARGTRYQTFN",340,"N",1,0.118537041023946,0.0955893966580454,1.23915248542424,1.27300869517889,0.107063218840996,0.0162264349433853,1.25608059030157,0.0239399555027851
1,"GARGTRYQTFP",340,"P",2,0.146931291407474,0.0980202523990245,2.40972271812357,3.53617967917797,0.122475771903249,0.0282388015378725,2.97295119865077,2.26426629719973
1,"GARGTRYQTFQ",340,"Q",1,0.132467765318918,0.105829298673656,1.04400449047393,0.917576601276794,0.119148531996287,0.0188362404052767,0.980790545875364,0.0893980177824
1,"GARGTRYQTFR",340,"R",3,0.219863818714001,0.127549000667398,1.17938451375684,2.01370578341093,0.1737064096907,0.050562908236109,1.59654514858389,0.505293544259325
1,"GARGTRYQTFS",340,"S",3,0.219963182093732,0.113696634053692,0.667970642723529,1.40661697914252,0.166829908073712,0.0582045854697366,1.03729381093302,0.550532645187043
1,"GARGTRYQTFT",340,"T",2,0.235423197742891,0.12131458067327,0.687642320400381,0.766226325067918,0.178368889208081,0.0658806407820017,0.72693432273415,0.478510346145252
1,"GARGTRYQTFV",340,"V",1,0.212592403793999,0.120519587168565,0.698894030186129,1.00233084077584,0.166555995481282,0.0651053129987898,0.850612435480986,0.214562226429604
1,"GARGTRYQTFW",340,"W",1,0.187976955899977,0.126787609605858,0.667589134961356,1.25611781038147,0.157382282752917,0.043267401700943,0.961853472671412,0.416152617312298
1,"GARGTRYQTFY",340,"Y",1,0.250256994409982,0.12337133057807,0.585535605612717,1.63568906470047,0.186814162494026,0.0897217133309017,1.1106123351566,0.742570632207462
0,"GARGTRYQTFV",NA,NA,1,0.220614109264253,1.5895328752505,0.902476005181241,0.125362735381668,0.905073492257375,0.967971742322394,0.513919370281455,0.549502062825329
