variant,sequence,aaSeq,Pos1,Pos3,Pos6,Pos7,Pos8ins2aa,Pos9,Pos10,Pos11,Pos12,inA,inB,negA,negB,inA_norm,inB_norm,negA_norm,negB_norm,enrichA,enrichB,enrichAvg,enrichStdDev
wtH_noorder,GGGGCACGAGGGACAAGATACCAGACATTTGTG,GaRgtRY-QTFV,G,R,R,Y,-,Q,T,F,V,35466,29639,11180,8415,16705.18824,14143.32192,4972.776495,3671.975431,0.297678567,0.259626094,0.278652331,0.026907161
2,CAGGCACGAGGGACACGATATCAGACATTTGTG,QaRgtRY-QTFV,Q,R,R,Y,-,Q,T,F,V,389,122,1,1,183.2267023,58.21671698,0.444792173,0.436360717,0.002427551,0.007495454,0.004961502,0.003583548
4,CAGGCACCAGGGACACGATATCAGACATTTGTG,QaPgtRY-QTFV,Q,P,R,Y,-,Q,T,F,V,147,338,1,4,69.23991064,161.2889372,0.444792173,1.745442867,0.006423928,0.010821839,0.008622883,0.003109793
5,GGGGCACAGGGACACGATATCAGACATTTGTG,GaxgtRY-QTFV,G,x,R,Y,-,Q,T,F,V,3401,2189,1440,2154,1601.938341,1044.560602,640.5007292,939.9209838,0.399828578,0.899824272,0.649826425,0.353550346
6,CAGGCACAGGGACACGATATCAGACATTTGTG,QaxgtRY-QTFV,Q,x,R,Y,-,Q,T,F,V,3267,4449,1064,607,1538.821687,2123.001425,473.2588722,264.870955,0.307546271,0.124762495,0.216154383,0.129247648
8,CAGGCACGAGGGACACTATATCAGACATTTGTG,QaRgtLY-QTFV,Q,R,L,Y,-,Q,T,F,V,157,342,1,2,73.95010864,163.197682,0.444792173,0.872721433,0.00601476,0.005347634,0.005681197,0.00047173
9,GGGGCACCAGGGACACTATATCAGACATTTGTG,GaPgtLY-QTFV,G,P,L,Y,-,Q,T,F,V,122,577,1,134,57.46441563,275.3364401,0.444792173,58.47233604,0.007740306,0.212366863,0.110053585,0.144692826
11,GGGGCACAGGGACACTATATCAGACATTTGTG,GaxgtLY-QTFV,G,x,L,Y,-,Q,T,F,V,2022,2749,1741,2096,952.4020361,1311.784877,774.3831733,914.6120622,0.813084332,0.697227174,0.755155753,0.081923382
12,CAGGCACAGGGACACTATATCAGACATTTGTG,QaxgtLY-QTFV,Q,x,L,Y,-,Q,T,F,V,2704,3927,2446,1900,1273.63754,1873.910226,1087.961655,829.0853618,0.854216071,0.442436009,0.64832604,0.291172474
14,CAGGCACGAGGGACACGATTTCAGACATTTGTG,QaRgtRF-QTFV,Q,R,R,F,-,Q,T,F,V,177,970,1,144,83.37050465,462.8706186,0.444792173,62.83594321,0.005335126,0.135752715,0.070543921,0.092219161
15,GGGGCACCAGGGACACGATTTCAGACATTTGTG,GaPgtRF-QTFV,G,P,R,F,-,Q,T,F,V,289,221,1,1,136.1247223,105.4581512,0.444792173,0.436360717,0.003267534,0.004137762,0.003702648,0.000615344
17,GGGGCACAGGGACACGATTTCAGACATTTGTG,GaxgtRF-QTFV,G,x,R,F,-,Q,T,F,V,3786,3143,995,307,1783.280964,1499.796241,442.5682122,133.96274,0.248176379,0.089320627,0.168748503,0.11232798
18,CAGGCACAGGGACACGATTTCAGACATTTGTG,QaxgtRF-QTFV,Q,x,R,F,-,Q,T,F,V,4463,3765,1620,800,2102.161369,1796.606061,720.5633204,349.0885734,0.342772601,0.194304462,0.268538531,0.104982828
20,CAGGCACGAGGGACACTATTTCAGACATTTGTG,QaRgtLF-QTFV,Q,R,L,F,-,Q,T,F,V,93,616,265,152,43.80484142,293.9467021,117.8699259,66.32682894,2.690796771,0.225642365,1.458219568,1.743127398
23,GGGGCACAGGGACACTATTTCAGACATTTGTG,GaxgtLF-QTFV,G,x,L,F,-,Q,T,F,V,5900,3088,227,855,2779.016822,1473.551,100.9678233,373.0884128,0.03633221,0.253190024,0.144761117,0.153341631
24,CAGGCACAGGGACACTATTTCAGACATTTGTG,QaxgtLF-QTFV,Q,x,L,F,-,Q,T,F,V,3492,3791,2194,888,1644.801143,1809.012902,975.8740277,387.4883164,0.593308214,0.214198758,0.403753486,0.268070867
25,GGGGCACGAGGGACACGATATACGTTTCAGACATTTGTG,GaRgtRY+QTFV,G,R,R,Y,+,Q,T,F,V,2970,4283,692,312,1398.928807,2043.788515,307.7961838,136.1445436,0.220022765,0.066613812,0.143318288,0.108476511
26,CAGGCACGAGGGACACGATATACGTTTCAGACATTTGTG,QaRgtRY+QTFV,Q,R,R,Y,+,Q,T,F,V,5135,4195,3777,6029,2418.686674,2001.796129,1679.980038,2630.818761,0.694583575,1.314229118,1.004406347,0.438155565
27,GGGGCACCAGGGACACGATATACGTTTCAGACATTTGTG,GaPgtRY+QTFV,G,P,R,Y,+,Q,T,F,V,5570,4508,218,602,2623.580287,2151.155411,96.96469373,262.6891515,0.03695892,0.122115376,0.079537148,0.060214707
28,CAGGCACCAGGGACACGATATACGTTTCAGACATTTGTG,QaPgtRY+QTFV,Q,P,R,Y,+,Q,T,F,V,2812,5248,687,939,1324.507678,2504.273202,305.5722229,409.742713,0.230706268,0.163617417,0.197161842,0.047438981
31,GGGGCACGAGGGACACTATATACGTTTCAGACATTTGTG,GaRgtLY+QTFV,G,R,L,Y,+,Q,T,F,V,2908,2344,1,175,1369.725579,1118.524464,0.444792173,76.36312542,0.000324731,0.068271306,0.034298018,0.048045484
32,CAGGCACGAGGGACACTATATACGTTTCAGACATTTGTG,QaRgtLY+QTFV,Q,R,L,Y,+,Q,T,F,V,3921,3421,291,148,1846.868637,1632.454006,129.4345224,64.58138607,0.070083232,0.039560922,0.054822077,0.021582532
33,GGGGCACCAGGGACACTATATACGTTTCAGACATTTGTG,GaPgtLY+QTFV,G,P,L,Y,+,Q,T,F,V,1987,3325,2,235,935.9163431,1586.644131,0.889584346,102.5447684,0.000950496,0.064629974,0.032790235,0.045028191
34,CAGGCACCAGGGACACTATATACGTTTCAGACATTTGTG,QaPgtLY+QTFV,Q,P,L,Y,+,Q,T,F,V,3783,2936,611,156,1781.867904,1401.018697,271.7680178,68.07227181,0.152518611,0.048587697,0.100553154,0.073490254
37,GGGGCACGAGGGACACGATTTACGTTTCAGACATTTGTG,GaRgtRF+QTFV,G,R,R,F,+,Q,T,F,V,6937,8182,613,245,3267.464354,3904.337527,272.6576021,106.9083756,0.083446236,0.02738195,0.055414093,0.039643437
38,CAGGCACGAGGGACACGATTTACGTTTCAGACATTTGTG,QaRgtRF+QTFV,Q,R,R,F,+,Q,T,F,V,5554,4555,821,866,2616.043971,2173.583163,365.1743741,377.8883807,0.139590304,0.173855037,0.156722671,0.024228825
39,GGGGCACCAGGGACACGATTTACGTTTCAGACATTTGTG,GaPgtRF+QTFV,G,P,R,F,+,Q,T,F,V,6820,6650,824,1764,3212.355038,3173.288262,366.5087506,769.7403043,0.114093475,0.242568667,0.178331071,0.090845679
40,CAGGCACCAGGGACACGATTTACGTTTCAGACATTTGTG,QaPgtRF+QTFV,Q,P,R,F,+,Q,T,F,V,5231,6022,2343,1056,2463.904575,2873.615325,1042.148062,460.7969168,0.422966081,0.160354419,0.29166025,0.185694487
43,GGGGCACGAGGGACACTATTTACGTTTCAGACATTTGTG,GaRgtLF+QTFV,G,R,L,F,+,Q,T,F,V,3563,4335,931,2,1678.243548,2068.602198,414.1015131,0.872721433,0.246746972,0.000421889,0.123584431,0.174178136
44,CAGGCACGAGGGACACTATTTACGTTTCAGACATTTGTG,QaRgtLF+QTFV,Q,R,L,F,+,Q,T,F,V,4403,5139,2,132,2073.900181,2452.259906,0.889584346,57.59961461,0.000428943,0.023488381,0.011958662,0.016305485
45,GGGGCACCAGGGACACTATTTACGTTTCAGACATTTGTG,GaPgtLF+QTFV,G,P,L,F,+,Q,T,F,V,3169,4197,582,303,1492.661747,2002.750501,258.8690447,132.2172972,0.173427801,0.066017857,0.119722829,0.0759503
46,CAGGCACCAGGGACACTATTTACGTTTCAGACATTTGTG,QaPgtLF+QTFV,Q,P,L,F,+,Q,T,F,V,3325,3689,717,651,1566.140836,1760.339909,318.9159881,284.0708266,0.203631743,0.161372713,0.182502228,0.029881647
49,GGGGCACGAGGGACACGATATCCGACATTTGTG,GaRgtRY-PTFV,G,R,R,Y,-,P,T,F,V,244,153,1,1,114.9288313,73.00948932,0.444792173,0.436360717,0.003870153,0.005976767,0.00492346,0.001489601
53,GGGGCACAGGGACACGATATCCGACATTTGTG,GaxgtRY-PTFV,G,x,R,Y,-,P,T,F,V,4064,2694,1721,3520,1914.224468,1285.539636,765.4873299,1535.989723,0.399894235,1.194820977,0.797357606,0.562098089
54,CAGGCACAGGGACACGATATCCGACATTTGTG,QaxgtRY-PTFV,Q,x,R,Y,-,P,T,F,V,3631,3037,1942,1220,1710.272895,1449.214504,863.7864001,532.3600744,0.505057645,0.367343877,0.436200761,0.097378339
56,CAGGCACGAGGGACACTATATCCGACATTTGTG,QaRgtLY-PTFV,Q,R,L,Y,-,P,T,F,V,344,159,2,1,162.0308113,75.87260655,0.889584346,0.436360717,0.005490217,0.005751229,0.005620723,0.000184563
59,GGGGCACAGGGACACTATATCCGACATTTGTG,GaxgtLY-PTFV,G,x,L,Y,-,P,T,F,V,3501,3060,2228,3010,1649.040321,1460.189786,990.9969616,1313.445757,0.600953748,0.899503455,0.750228601,0.211106522
60,CAGGCACAGGGACACTATATCCGACATTTGTG,QaxgtLY-PTFV,Q,x,L,Y,-,P,T,F,V,1826,925,2084,1860,860.0821553,441.3972394,926.9468887,811.6309331,1.077742263,1.838776641,1.458259452,0.538132569
62,CAGGCACGAGGGACACGATTTCCGACATTTGTG,QaRgtRF-PTFV,Q,R,R,F,-,P,T,F,V,614,1625,1,1,289.2061574,775.4275827,0.444792173,0.436360717,0.001537976,0.000562736,0.001050356,0.000689599
63,GGGGCACCAGGGACACGATTTCCGACATTTGTG,GaPgtRF-PTFV,G,P,R,F,-,P,T,F,V,707,999,1,202,333.0109988,476.7090185,0.444792173,88.14486478,0.001335668,0.184902868,0.093119268,0.129801612
65,GGGGCACAGGGACACGATTTCCGACATTTGTG,GaxgtRF-PTFV,G,x,R,F,-,P,T,F,V,7676,7565,1105,2131,3615.547987,3609.913639,491.4953513,929.8846873,0.13593938,0.257591948,0.196765664,0.086021356
66,CAGGCACAGGGACACGATTTCCGACATTTGTG,QaxgtRF-PTFV,Q,x,R,F,-,P,T,F,V,6193,6503,1213,1369,2917.025623,3103.141889,539.5329059,597.3778212,0.184959947,0.192507414,0.188733681,0.005336865
67,GGGGCACGAGGGACACTATTTCCGACATTTGTG,GaRgtLF-PTFV,G,R,L,F,-,P,T,F,V,375,172,1,2,176.6324251,82.07602721,0.444792173,0.872721433,0.00251818,0.010633086,0.006575633,0.005738105
69,GGGGCACCAGGGACACTATTTCCGACATTTGTG,GaPgtLF-PTFV,G,P,L,F,-,P,T,F,V,661,263,1,1,311.344088,125.4999718,0.444792173,0.436360717,0.001428619,0.003476979,0.002452799,0.001448409
71,GGGGCACAGGGACACTATTTCCGACATTTGTG,GaxgtLF-PTFV,G,x,L,F,-,P,T,F,V,3117,4029,535,504,1468.168717,1922.583219,237.9638126,219.9258012,0.162082062,0.114390784,0.138236423,0.033722826
72,CAGGCACAGGGACACTATTTCCGACATTTGTG,QaxgtLF-PTFV,Q,x,L,F,-,P,T,F,V,5801,4438,304,2183,2732.385861,2117.752377,135.2168206,952.5754446,0.049486722,0.449804923,0.249645823,0.283067714
73,GGGGCACGAGGGACACGATATACGTTTCCGACATTTGTG,GaRgtRY+PTFV,G,R,R,Y,+,P,T,F,V,2188,1274,341,590,1030.591323,607.9352248,151.674131,257.4528229,0.147171946,0.42348726,0.285329603,0.195384432
74,CAGGCACGAGGGACACGATATACGTTTCCGACATTTGTG,QaRgtRY+PTFV,Q,R,R,Y,+,P,T,F,V,2508,3318,589,384,1181.317659,1583.303827,261.9825899,167.5625152,0.221771501,0.105830929,0.163801215,0.081982364
75,GGGGCACCAGGGACACGATATACGTTTCCGACATTTGTG,GaPgtRY+PTFV,G,P,R,Y,+,P,T,F,V,4844,4141,1665,1214,2281.619912,1976.028074,740.5789682,529.7419101,0.324584723,0.268084202,0.296334463,0.039951902
76,CAGGCACCAGGGACACGATATACGTTTCCGACATTTGTG,QaPgtRY+PTFV,Q,P,R,Y,+,P,T,F,V,2642,2042,3,264,1244.434312,974.4142301,1.334376519,115.1992292,0.001072276,0.118224083,0.059648179,0.082838838
79,GGGGCACGAGGGACACTATATACGTTTCCGACATTTGTG,GaRgtLY+PTFV,G,R,L,Y,+,P,T,F,V,1446,1427,602,3,681.0946312,680.9447142,267.7648882,1.30908215,0.393139038,0.00192245,0.197530744,0.276631902
80,CAGGCACGAGGGACACTATATACGTTTCCGACATTTGTG,QaRgtLY+PTFV,Q,R,L,Y,+,P,T,F,V,3079,1926,7,301,1450.269965,919.0606303,3.113545212,131.3445757,0.002146873,0.142911764,0.072529318,0.099535809
81,GGGGCACCAGGGACACTATATACGTTTCCGACATTTGTG,GaPgtLY+PTFV,G,P,L,Y,+,P,T,F,V,2017,820,878,403,950.0469371,391.2926879,390.527528,175.8533688,0.411061299,0.449416445,0.430238872,0.027121184
82,CAGGCACCAGGGACACTATATACGTTTCCGACATTTGTG,QaPgtLY+PTFV,Q,P,L,Y,+,P,T,F,V,1982,1048,400,316,933.5612441,500.0911426,177.9168692,137.8899865,0.19057868,0.275729712,0.233154196,0.060210872
85,GGGGCACGAGGGACACGATTTACGTTTCCGACATTTGTG,GaRgtRF+PTFV,G,R,R,F,+,P,T,F,V,7060,5856,1709,461,3325.39979,2794.402415,760.1498238,201.1622904,0.228589003,0.071987588,0.150288296,0.110733923
86,CAGGCACGAGGGACACGATTTACGTTTCCGACATTTGTG,QaRgtRF+PTFV,Q,R,R,F,+,P,T,F,V,6174,5842,2195,1579,2908.076247,2787.721808,976.3188199,689.0135717,0.335726693,0.24716009,0.291443391,0.062626046
87,GGGGCACCAGGGACACGATTTACGTTTCCGACATTTGTG,GaPgtRF+PTFV,G,P,R,F,+,P,T,F,V,6550,4674,1649,1304,3085.179692,2230.368321,733.4622934,569.0143746,0.237737301,0.255121259,0.24642928,0.012292315
88,CAGGCACCAGGGACACGATTTACGTTTCCGACATTTGTG,QaPgtRF+PTFV,Q,P,R,F,+,P,T,F,V,5946,6990,2115,281,2800.683732,3335.531571,940.7354461,122.6173614,0.335894923,0.036760966,0.186327944,0.21151965
91,GGGGCACGAGGGACACTATTTACGTTTCCGACATTTGTG,GaRgtLF+PTFV,G,R,L,F,+,P,T,F,V,3706,2215,667,736,1745.59938,1056.967443,296.6763794,321.1614875,0.16995674,0.303851826,0.236904283,0.094678123
92,CAGGCACGAGGGACACTATTTACGTTTCCGACATTTGTG,QaRgtLF+PTFV,Q,R,L,F,+,P,T,F,V,4708,6239,1743,2474,2217.56122,2977.164731,775.2727577,1079.556413,0.349606023,0.362612254,0.356109138,0.009196794
93,GGGGCACCAGGGACACTATTTACGTTTCCGACATTTGTG,GaPgtLF+PTFV,G,P,L,F,+,P,T,F,V,2424,2376,5434,4637,1141.751996,1133.794422,2417.000669,2023.404643,2.116922657,1.784630973,1.950776815,0.234965703
94,CAGGCACCAGGGACACTATTTACGTTTCCGACATTTGTG,QaPgtLF+PTFV,Q,P,L,F,+,P,T,F,V,3043,2330,61639,64979,1433.313252,1111.843857,27416.54476,28354.28301,19.12808991,25.50203685,22.31506338,4.507061103
98,CAGGCACGAGGGACACGATATCAGTCATTTGTG,QaRgtRY-QSFV,Q,R,R,Y,-,Q,S,F,V,635,399,1,2,299.0975732,190.3972957,0.444792173,0.872721433,0.001487114,0.004583686,0.0030354,0.002189607
99,GGGGCACCAGGGACACGATATCAGTCATTTGTG,GaPgtRY-QSFV,G,P,R,Y,-,Q,S,F,V,254,586,1,5,119.6390293,279.631116,0.444792173,2.181803584,0.003717785,0.007802435,0.00576011,0.002888284
100,CAGGCACCAGGGACACGATATCAGTCATTTGTG,QaPgtRY-QSFV,Q,P,R,Y,-,Q,S,F,V,87,255,1,141,40.97872262,121.6824822,0.444792173,61.52686106,0.010854222,0.5056345,0.258244361,0.349862489
101,GGGGCACAGGGACACGATATCAGTCATTTGTG,GaxgtRY-QSFV,G,x,R,Y,-,Q,S,F,V,4019,4237,1022,3571,1893.028577,2021.837949,454.5776009,1558.244119,0.240132456,0.770706732,0.505419594,0.375172669
102,CAGGCACAGGGACACGATATCAGTCATTTGTG,QaxgtRY-QSFV,Q,x,R,Y,-,Q,S,F,V,2719,4666,1,851,1280.702837,2226.550831,0.444792173,371.3429699,0.000347303,0.166779471,0.083563387,0.117685315
104,CAGGCACGAGGGACACTATATCAGTCATTTGTG,QaRgtLY-QSFV,Q,R,L,Y,-,Q,S,F,V,210,263,1,2,98.91415805,125.4999718,0.444792173,0.872721433,0.004496749,0.006953957,0.005725353,0.001737508
106,CAGGCACCAGGGACACTATATCAGTCATTTGTG,QaPgtLY-QSFV,Q,P,L,Y,-,Q,S,F,V,176,328,1,1,82.89948485,156.5170752,0.444792173,0.436360717,0.00536544,0.002787943,0.004076691,0.001822565
107,GGGGCACAGGGACACTATATCAGTCATTTGTG,GaxgtLY-QSFV,G,x,L,Y,-,Q,S,F,V,4085,3812,807,473,1924.115884,1819.033812,358.9472837,206.398619,0.186551801,0.113466071,0.150008936,0.051679416
108,CAGGCACAGGGACACTATATCAGTCATTTGTG,QaxgtLY-QSFV,Q,x,L,Y,-,Q,S,F,V,5751,5130,1422,112,2708.834871,2447.96523,632.4944701,48.87240027,0.233493181,0.019964499,0.12672884,0.150987579
110,CAGGCACGAGGGACACGATTTCAGTCATTTGTG,QaRgtRF-QSFV,Q,R,R,F,-,Q,S,F,V,1169,357,1,1,550.6221465,170.3554751,0.444792173,0.436360717,0.000807799,0.002561472,0.001684635,0.001240034
111,GGGGCACCAGGGACACGATTTCAGTCATTTGTG,GaPgtRF-QSFV,G,P,R,F,-,Q,S,F,V,350,176,2,2,164.8569301,83.98477203,0.889584346,0.872721433,0.005396099,0.010391425,0.007893762,0.003532229
112,CAGGCACCAGGGACACGATTTCAGTCATTTGTG,QaPgtRF-QSFV,Q,P,R,F,-,Q,S,F,V,171,270,4,316,80.54438584,128.8402753,1.779168692,137.8899865,0.022089295,1.070239769,0.546164532,0.741154308
113,GGGGCACAGGGACACGATTTCAGTCATTTGTG,GaxgtRF-QSFV,G,x,R,F,-,Q,S,F,V,6135,3193,1570,1360,2889.706475,1523.655552,698.3237117,593.4505747,0.241659047,0.389491295,0.315575171,0.104533186
114,CAGGCACAGGGACACGATTTCAGTCATTTGTG,QaxgtRF-QSFV,Q,x,R,F,-,Q,S,F,V,3543,4768,1316,1294,1668.823152,2275.223824,585.3464998,564.6507674,0.350754062,0.248173723,0.299463893,0.072535253
116,CAGGCACGAGGGACACTATTTCAGTCATTTGTG,QaRgtLF-QSFV,Q,R,L,F,-,Q,S,F,V,657,332,3,1,309.4600088,158.42582,1.334376519,0.436360717,0.004311951,0.002754354,0.003533152,0.001101388
117,GGGGCACCAGGGACACTATTTCAGTCATTTGTG,GaPgtLF-QSFV,G,P,L,F,-,Q,S,F,V,349,280,1,1,164.3859103,133.6121373,0.444792173,0.436360717,0.00270578,0.003265876,0.002985828,0.000396048
118,CAGGCACCAGGGACACTATTTCAGTCATTTGTG,QaPgtLF-QSFV,Q,P,L,F,-,Q,S,F,V,1031,484,564,3,485.6214141,230.9581231,250.8627856,1.30908215,0.516580979,0.00566805,0.261124515,0.361269997
119,GGGGCACAGGGACACTATTTCAGTCATTTGTG,GaxgtLF-QSFV,G,x,L,F,-,Q,S,F,V,2861,4123,981,601,1347.587649,1967.438722,436.3411218,262.2527907,0.323794242,0.133296548,0.228545395,0.134702211
120,CAGGCACAGGGACACTATTTCAGTCATTTGTG,QaxgtLF-QSFV,Q,x,L,F,-,Q,S,F,V,4385,4726,2550,2513,2065.421824,2255.182004,1134.220041,1096.574481,0.549146924,0.486246555,0.51769674,0.044477277
121,GGGGCACGAGGGACACGATATACGTTTCAGTCATTTGTG,GaRgtRY+QSFV,G,R,R,Y,+,Q,S,F,V,4781,2540,998,941,2251.945665,1212.05296,443.9025887,410.6154344,0.197119582,0.338776809,0.267948196,0.100166786
122,CAGGCACGAGGGACACGATATACGTTTCAGTCATTTGTG,QaRgtRY+QSFV,Q,R,R,Y,+,Q,S,F,V,5722,6493,3052,3215,2695.175297,3098.370027,1357.505712,1402.899704,0.503679933,0.452786366,0.478233149,0.035987186
123,GGGGCACCAGGGACACGATATACGTTTCAGTCATTTGTG,GaPgtRY+QSFV,G,P,R,Y,+,Q,S,F,V,6696,8435,2086,1456,3153.948583,4025.065637,927.836473,635.3412035,0.294182498,0.157846172,0.226014335,0.096404341
124,CAGGCACCAGGGACACGATATACGTTTCAGTCATTTGTG,QaPgtRY+QSFV,Q,P,R,Y,+,Q,S,F,V,3519,4228,376,684,1657.518677,2017.543274,167.2418571,298.4707302,0.100898928,0.147937709,0.124418318,0.033261441
127,GGGGCACGAGGGACACTATATACGTTTCAGTCATTTGTG,GaRgtLY+QSFV,G,R,L,Y,+,Q,S,F,V,2207,4158,336,746,1039.540699,1984.140239,149.4501702,325.5250947,0.143765579,0.164063552,0.153914565,0.014352834
128,CAGGCACGAGGGACACTATATACGTTTCAGTCATTTGTG,QaRgtLY+QSFV,Q,R,L,Y,+,Q,S,F,V,2764,2773,682,585,1301.898728,1323.237346,303.348262,255.2710193,0.2330045,0.192914008,0.212959254,0.028348259
129,GGGGCACCAGGGACACTATATACGTTTCAGTCATTTGTG,GaPgtLY+QSFV,G,P,L,Y,+,Q,S,F,V,2449,3582,301,4,1153.527491,1709.280985,133.8824441,1.745442867,0.116063505,0.001021156,0.058542331,0.081347225
130,CAGGCACCAGGGACACTATATACGTTTCAGTCATTTGTG,QaPgtLY+QSFV,Q,P,L,Y,+,Q,S,F,V,3393,2712,1943,124,1598.170182,1294.128987,864.2311923,54.10872887,0.540762931,0.041810924,0.291286928,0.352812348
133,GGGGCACGAGGGACACGATTTACGTTTCAGTCATTTGTG,GaRgtRF+QSFV,G,R,R,F,+,Q,S,F,V,10313,10899,4315,5162,4857.6272,5200.852445,1919.278227,2252.49402,0.395106118,0.433100928,0.414103523,0.026866388
134,CAGGCACGAGGGACACGATTTACGTTTCAGTCATTTGTG,QaRgtRF+QSFV,Q,R,R,F,+,Q,S,F,V,7270,10955,2275,652,3424.313948,5227.574873,1011.902194,284.5071873,0.295505088,0.054424316,0.174964702,0.170469848
135,GGGGCACCAGGGACACGATTTACGTTTCAGTCATTTGTG,GaPgtRF+QSFV,G,P,R,F,+,Q,S,F,V,9600,11053,1398,1514,4521.790082,5274.339121,621.819458,660.6501251,0.137516215,0.125257423,0.131386819,0.008668275
136,CAGGCACCAGGGACACGATTTACGTTTCAGTCATTTGTG,QaPgtRF+QSFV,Q,P,R,F,+,Q,S,F,V,9205,6777,4093,3710,4335.737261,3233.89091,1820.534364,1618.898259,0.41989038,0.500603856,0.460247118,0.057073046
139,GGGGCACGAGGGACACTATTTACGTTTCAGTCATTTGTG,GaRgtLF+QSFV,G,R,L,F,+,Q,S,F,V,4221,4654,2049,534,1988.174577,2220.824597,911.3791626,233.0166227,0.458399968,0.10492347,0.281661719,0.249945629
140,CAGGCACGAGGGACACTATTTACGTTTCAGTCATTTGTG,QaRgtLF+QSFV,Q,R,L,F,+,Q,S,F,V,6002,5839,566,316,2827.060841,2786.290249,251.75237,137.8899865,0.08905092,0.049488737,0.069269829,0.027974688
141,GGGGCACCAGGGACACTATTTACGTTTCAGTCATTTGTG,GaPgtLF+QSFV,G,P,L,F,+,Q,S,F,V,3821,5349,666,6,1799.766657,2552.469009,296.2315873,2.6181643,0.164594441,0.001025738,0.08281009,0.115660539
142,CAGGCACCAGGGACACTATTTACGTTTCAGTCATTTGTG,QaPgtLF+QSFV,Q,P,L,F,+,Q,S,F,V,3761,4623,2902,1261,1771.505469,2206.031825,1290.786886,550.2508638,0.728638386,0.249430157,0.489034272,0.338851389
145,GGGGCACGAGGGACACGATATCCGTCATTTGTG,GaRgtRY-PSFV,G,R,R,Y,-,P,S,F,V,1247,224,2,1,587.3616909,106.8897099,0.889584346,0.436360717,0.001514543,0.004082345,0.002798444,0.001815711
146,CAGGCACGAGGGACACGATATCCGTCATTTGTG,QaRgtRY-PSFV,Q,R,R,Y,-,P,S,F,V,891,1258,1,164,419.678642,600.3002456,0.444792173,71.56315754,0.00105984,0.119212274,0.060136057,0.083546388
147,GGGGCACCAGGGACACGATATCCGTCATTTGTG,GaPgtRY-PSFV,G,P,R,Y,-,P,S,F,V,748,281,430,3,352.3228106,134.0893235,191.2606344,1.30908215,0.542856235,0.009762762,0.276309498,0.37695401
148,CAGGCACCAGGGACACGATATCCGTCATTTGTG,QaPgtRY-PSFV,Q,P,R,Y,-,P,S,F,V,898,382,3,7,422.9757806,182.2851302,1.334376519,3.054525017,0.003154735,0.016756852,0.009955794,0.009618149
149,GGGGCACAGGGACACGATATCCGTCATTTGTG,GaxgtRY-PSFV,G,x,R,Y,-,P,S,F,V,4701,5491,3745,4754,2214.264081,2620.22945,1665.746688,2074.458847,0.752280048,0.791708851,0.771994449,0.027880374
150,CAGGCACAGGGACACGATATCCGTCATTTGTG,QaxgtRY-PSFV,Q,x,R,Y,-,P,S,F,V,4697,7037,2639,2692,2212.380002,3357.959323,1173.806545,1174.683049,0.530562807,0.349820512,0.44019166,0.127804103
155,GGGGCACAGGGACACTATATCCGTCATTTGTG,GaxgtLY-PSFV,G,x,L,Y,-,P,S,F,V,3924,3466,3076,4856,1848.281696,1653.927386,1368.180724,2118.96764,0.740244697,1.28117332,1.010709009,0.382494298
156,CAGGCACAGGGACACTATATCCGTCATTTGTG,QaxgtLY-PSFV,Q,x,L,Y,-,P,S,F,V,3143,4932,2376,2318,1480.415232,2353.482362,1056.826203,1011.484141,0.713871474,0.429781909,0.571826691,0.200881658
157,GGGGCACGAGGGACACGATTTCCGTCATTTGTG,GaRgtRF-PSFV,G,R,R,F,-,P,S,F,V,870,497,1,1,409.7872262,237.1615438,0.444792173,0.436360717,0.001085422,0.00183993,0.001462676,0.000533518
158,CAGGCACGAGGGACACGATTTCCGTCATTTGTG,QaRgtRF-PSFV,Q,R,R,F,-,P,S,F,V,2535,1446,495,4,1194.035194,690.0112521,220.1721257,1.745442867,0.18439333,0.002529586,0.093461458,0.128597087
159,GGGGCACCAGGGACACGATTTCCGTCATTTGTG,GaPgtRF-PSFV,G,P,R,F,-,P,S,F,V,926,903,1,1,436.164335,430.8991429,0.444792173,0.436360717,0.001019781,0.001012675,0.001016228,5.02E-06
160,CAGGCACCAGGGACACGATTTCCGTCATTTGTG,QaPgtRF-PSFV,Q,P,R,F,-,P,S,F,V,420,381,267,156,197.8283161,181.807944,118.7595102,68.07227181,0.600316034,0.374418578,0.487367306,0.159733623
161,GGGGCACAGGGACACGATTTCCGTCATTTGTG,GaxgtRF-PSFV,G,x,R,F,-,P,S,F,V,7646,5716,1145,900,3601.417393,2727.596346,509.2870382,392.724645,0.141412945,0.143981952,0.142697448,0.001816562
162,CAGGCACAGGGACACGATTTCCGTCATTTGTG,QaxgtRF-PSFV,Q,x,R,F,-,P,S,F,V,6618,6197,1709,3842,3117.209038,2957.122911,760.1498238,1676.497874,0.243855903,0.566935472,0.405395687,0.228451754
163,GGGGCACGAGGGACACTATTTCCGTCATTTGTG,GaRgtLF-PSFV,G,R,L,F,-,P,S,F,V,530,306,1,1,249.6404941,146.0189786,0.444792173,0.436360717,0.001781731,0.002988384,0.002385057,0.000853232
164,CAGGCACGAGGGACACTATTTCCGTCATTTGTG,QaRgtLF-PSFV,Q,R,L,F,-,P,S,F,V,311,1116,4,288,146.4871579,532.5398045,1.779168692,125.6718864,0.012145561,0.235985903,0.124065732,0.158279024
166,CAGGCACCAGGGACACTATTTCCGTCATTTGTG,QaPgtLF-PSFV,Q,P,L,F,-,P,S,F,V,828,136,304,4,390.0043946,64.89732384,135.2168206,1.745442867,0.34670589,0.026895452,0.186800671,0.226140129
167,GGGGCACAGGGACACTATTTCCGTCATTTGTG,GaxgtLF-PSFV,G,x,L,F,-,P,S,F,V,4891,4448,3209,2152,2303.757843,2122.524239,1427.338083,939.0482624,0.619569495,0.442420513,0.530995004,0.125263247
168,CAGGCACAGGGACACTATTTCCGTCATTTGTG,QaxgtLF-PSFV,Q,x,L,F,-,P,S,F,V,6602,3982,1609,567,3109.672721,1900.155467,715.6706065,247.4165264,0.230143385,0.13020857,0.180175978,0.070664585
169,GGGGCACGAGGGACACGATATACGTTTCCGTCATTTGTG,GaRgtRY+PSFV,G,R,R,Y,+,P,S,F,V,3383,1861,526,4,1593.459984,888.043527,233.960683,1.745442867,0.146825578,0.001965492,0.074395535,0.102431549
170,CAGGCACGAGGGACACGATATACGTTTCCGTCATTTGTG,QaRgtRY+PSFV,Q,R,R,Y,+,P,S,F,V,4231,5884,798,509,1992.884775,2807.763629,354.9441541,222.1076048,0.178105708,0.079104809,0.128605258,0.070004207
171,GGGGCACCAGGGACACGATATACGTTTCCGTCATTTGTG,GaPgtRY+PSFV,G,P,R,Y,+,P,S,F,V,8491,10330,1828,1346,3999.429124,4929.333495,813.0800924,587.3415247,0.203299038,0.119152321,0.161225679,0.059500714
172,CAGGCACCAGGGACACGATATACGTTTCCGTCATTTGTG,QaPgtRY+PSFV,Q,P,R,Y,+,P,S,F,V,3732,3450,991,498,1757.845895,1646.292406,440.7890435,217.3076369,0.250755225,0.131998202,0.191376713,0.083973897
175,GGGGCACGAGGGACACTATATACGTTTCCGTCATTTGTG,GaRgtLY+PSFV,G,R,L,Y,+,P,S,F,V,2994,1822,451,516,1410.233282,869.433265,200.6012701,225.1621298,0.14224687,0.258975748,0.200611309,0.082539781
176,CAGGCACGAGGGACACTATATACGTTTCCGTCATTTGTG,QaRgtLY+PSFV,Q,R,L,Y,+,P,S,F,V,4107,4826,5817,5044,1934.47832,2302.900624,2587.356071,2201.003455,1.337495512,0.955752685,1.146624099,0.269932942
177,GGGGCACCAGGGACACTATATACGTTTCCGTCATTTGTG,GaPgtLY+PSFV,G,P,L,Y,+,P,S,F,V,2396,2207,588,379,1128.563441,1053.149954,261.5377978,165.3807116,0.231743993,0.157034344,0.194389168,0.052827699
178,CAGGCACCAGGGACACTATATACGTTTCCGTCATTTGTG,QaPgtLY+PSFV,Q,P,L,Y,+,P,S,F,V,3686,2966,4327,1749,1736.178984,1415.334283,1924.615733,763.1948935,1.108535324,0.539232959,0.823884142,0.402557563
181,GGGGCACGAGGGACACGATTTACGTTTCCGTCATTTGTG,GaRgtRF+PSFV,G,R,R,F,+,P,S,F,V,7520,10583,2582,1362,3542.068898,5050.061605,1148.453391,594.3232962,0.324232369,0.117686346,0.220959358,0.146050094
182,CAGGCACGAGGGACACGATTTACGTTTCCGTCATTTGTG,QaRgtRF+PSFV,Q,R,R,F,+,P,S,F,V,13033,12648,1291,1034,6138.801057,6035.451118,574.2266954,451.1969811,0.093540529,0.074757789,0.084149159,0.013281403
183,GGGGCACCAGGGACACGATTTACGTTTCCGTCATTTGTG,GaPgtRF+PSFV,G,P,R,F,+,P,S,F,V,13230,11077,1398,1796,6231.591957,5285.79159,621.819458,783.7038472,0.099785009,0.148266127,0.124025568,0.034281327
184,CAGGCACCAGGGACACGATTTACGTTTCCGTCATTTGTG,QaPgtRF+PSFV,Q,P,R,F,+,P,S,F,V,11994,6807,2446,1341,5649.411484,3248.206496,1087.961655,585.1597211,0.192579645,0.180148559,0.186364102,0.008790105
187,GGGGCACGAGGGACACTATTTACGTTTCCGTCATTTGTG,GaRgtLF+PSFV,G,R,L,F,+,P,S,F,V,5934,5116,2709,977,2795.031495,2441.284623,1204.941997,426.3244202,0.431101402,0.174631182,0.302866292,0.181351832
188,CAGGCACGAGGGACACTATTTACGTTTCCGTCATTTGTG,QaRgtLF+PSFV,Q,R,L,F,+,P,S,F,V,7095,4385,6934,5572,3341.885483,2092.461508,3084.188928,2431.401914,0.922888873,1.161981668,1.042435271,0.169064137
189,GGGGCACCAGGGACACTATTTACGTTTCCGTCATTTGTG,GaPgtLF+PSFV,G,P,L,F,+,P,S,F,V,5504,5229,72857,86057,2592.492981,2495.206665,32406.22335,37551.8942,12.50002357,15.04961282,13.77481819,1.802831848
190,CAGGCACCAGGGACACTATTTACGTTTCCGTCATTTGTG,QaPgtLF+PSFV,Q,P,L,F,+,P,S,F,V,6434,3928,183539,208060,3030.541395,1874.387412,81636.71066,90789.21072,26.93799557,48.43673732,37.68736644,15.20190608
196,CAGGCACCAGGGACACGATATCAGACATTGGTG,QaPgtRY-QTLV,Q,P,R,Y,-,Q,T,L,V,176,351,2,6,82.89948485,167.4923579,0.889584346,2.6181643,0.010730879,0.015631545,0.013181212,0.003465294
197,GGGGCACAGGGACACGATATCAGACATTGGTG,GaxgtRY-QTLV,G,x,R,Y,-,Q,T,L,V,5151,5282,4419,3268,2426.222991,2520.497533,1965.536613,1426.026822,0.810121996,0.565771957,0.687946977,0.17278157
198,CAGGCACAGGGACACGATATCAGACATTGGTG,QaxgtRY-QTLV,Q,x,R,Y,-,Q,T,L,V,5637,4613,3326,3421,2655.138614,2201.259962,1479.378768,1492.790012,0.55717572,0.67815253,0.617664125,0.085543523
200,CAGGCACGAGGGACACTATATCAGACATTGGTG,QaRgtLY-QTLV,Q,R,L,Y,-,Q,T,L,V,158,110,1,1,74.42112844,52.49048252,0.444792173,0.436360717,0.005976692,0.00831314,0.007144916,0.001652118
203,GGGGCACAGGGACACTATATCAGACATTGGTG,GaxgtLY-QTLV,G,x,L,Y,-,Q,T,L,V,3772,4027,426,1346,1776.686687,1921.628846,189.4814657,587.3415247,0.106648779,0.305647746,0.206148262,0.140713519
204,CAGGCACAGGGACACTATATCAGACATTGGTG,QaxgtLY-QTLV,Q,x,L,Y,-,Q,T,L,V,3140,1980,1378,4148,1479.002173,944.8286854,612.9236145,1810.024253,0.41441698,1.915716871,1.165066926,1.061579333
205,GGGGCACGAGGGACACGATTTCAGACATTGGTG,GaRgtRF-QTLV,G,R,R,F,-,Q,T,L,V,675,244,1,411,317.9383652,116.433434,0.444792173,179.3442546,0.001398989,1.540315771,0.77085738,1.088178492
206,CAGGCACGAGGGACACGATTTCAGACATTGGTG,QaRgtRF-QTLV,Q,R,R,F,-,Q,T,L,V,152,660,903,450,71.59500964,314.9428951,401.6473323,196.3623225,5.609990617,0.623485481,3.116738049,3.525991596
207,GGGGCACCAGGGACACGATTTCAGACATTGGTG,GaPgtRF-QTLV,G,P,R,F,-,Q,T,L,V,401,728,2,2,188.8789399,347.391557,0.889584346,0.872721433,0.004709812,0.002512213,0.003611012,0.001553938
208,CAGGCACCAGGGACACGATTTCAGACATTGGTG,QaPgtRF-QTLV,Q,P,R,F,-,Q,T,L,V,345,970,2,1,162.5018311,462.8706186,0.889584346,0.436360717,0.005474304,0.000942727,0.003208515,0.003204308
209,GGGGCACAGGGACACGATTTCAGACATTGGTG,GaxgtRF-QTLV,G,x,R,F,-,Q,T,L,V,5458,3705,618,677,2570.82607,1767.974889,274.881563,295.4162052,0.106923438,0.167092987,0.137008213,0.042546296
210,CAGGCACAGGGACACGATTTCAGACATTGGTG,QaxgtRF-QTLV,Q,x,R,F,-,Q,T,L,V,9226,9326,1579,1289,4345.628677,4450.238545,702.3268413,562.4689638,0.161616855,0.126390745,0.1440038,0.024908622
212,CAGGCACGAGGGACACTATTTCAGACATTGGTG,QaRgtLF-QTLV,Q,R,L,F,-,Q,T,L,V,251,289,2,1,118.2259699,137.9068132,0.889584346,0.436360717,0.007524441,0.003164171,0.005344306,0.003083177
214,CAGGCACCAGGGACACTATTTCAGACATTGGTG,QaPgtLF-QTLV,Q,P,L,F,-,Q,T,L,V,521,660,2,2,245.4013159,314.9428951,0.889584346,0.872721433,0.003625019,0.002771047,0.003198033,0.000603849
215,GGGGCACAGGGACACTATTTCAGACATTGGTG,GaxgtLF-QTLV,G,x,L,F,-,Q,T,L,V,4680,4711,1580,1870,2204.372665,2248.024211,702.7716335,815.9945403,0.318807997,0.362982986,0.340895491,0.031236434
216,CAGGCACAGGGACACTATTTCAGACATTGGTG,QaxgtLF-QTLV,Q,x,L,F,-,Q,T,L,V,5307,4093,1618,930,2499.70208,1953.123136,719.673736,405.8154665,0.287903803,0.207777717,0.24784076,0.056657699
217,GGGGCACGAGGGACACGATATACGTTTCAGACATTGGTG,GaRgtRY+QTLV,G,R,R,Y,+,Q,T,L,V,2865,3477,184,747,1349.471728,1659.176434,81.84175985,325.9614554,0.060647258,0.196459791,0.128553524,0.096033963
218,CAGGCACGAGGGACACGATATACGTTTCAGACATTGGTG,QaRgtRY+QTLV,Q,R,R,Y,+,Q,T,L,V,7575,6343,1569,1459,3567.974987,3026.792097,697.8789196,636.6502857,0.195595239,0.210338294,0.202966766,0.010424914
219,GGGGCACCAGGGACACGATATACGTTTCAGACATTGGTG,GaPgtRY+QTLV,G,P,R,Y,+,Q,T,L,V,5722,5551,3207,2743,2695.175297,2648.860622,1426.448499,1196.937446,0.529260008,0.451868791,0.490564399,0.054723855
220,CAGGCACCAGGGACACGATATACGTTTCAGACATTGGTG,QaPgtRY+QTLV,Q,P,R,Y,+,Q,T,L,V,3977,6604,630,516,1873.245746,3151.337696,280.219069,225.1621298,0.149590127,0.071449699,0.110519913,0.055253627
222,CAGGCACAGGGACACGATATACGTTTCAGACATTGGTG,QaxgtRY+QTLV,Q,x,R,Y,+,Q,T,L,V,180,601,1,1,84.78356405,286.788909,0.444792173,0.436360717,0.005246208,0.00152154,0.003383874,0.002633738
223,GGGGCACGAGGGACACTATATACGTTTCAGACATTGGTG,GaRgtLY+QTLV,G,R,L,Y,+,Q,T,L,V,2104,3002,840,136,991.0256597,1432.512987,373.6254254,59.34505747,0.377008831,0.041427239,0.209218035,0.237292019
224,CAGGCACGAGGGACACTATATACGTTTCAGACATTGGTG,QaRgtLY+QTLV,Q,R,L,Y,+,Q,T,L,V,5357,3302,130,128,2523.25307,1575.668848,57.8229825,55.85417174,0.022916046,0.035447913,0.029181979,0.008861368
225,GGGGCACCAGGGACACTATATACGTTTCAGACATTGGTG,GaPgtLY+QTLV,G,P,L,Y,+,Q,T,L,V,2695,4016,225,147,1269.398362,1916.379798,100.0782389,64.14502536,0.078839111,0.03347198,0.056155545,0.032079407
226,CAGGCACCAGGGACACTATATACGTTTCAGACATTGGTG,QaPgtLY+QTLV,Q,P,L,Y,+,Q,T,L,V,3007,3093,319,272,1416.356539,1475.936931,141.8887032,118.6901149,0.100178662,0.080416793,0.090297728,0.013973752
229,GGGGCACGAGGGACACGATTTACGTTTCAGACATTGGTG,GaRgtRF+QTLV,G,R,R,F,+,Q,T,L,V,6647,5524,2287,1342,3130.868612,2635.976595,1017.2397,585.5960818,0.324906544,0.222155266,0.273530905,0.072656125
230,CAGGCACGAGGGACACGATTTACGTTTCAGACATTGGTG,QaRgtRF+QTLV,Q,R,R,F,+,Q,T,L,V,8761,11315,1722,753,4126.60447,5399.361907,765.932122,328.5796197,0.18560832,0.060855269,0.123231794,0.088213728
231,GGGGCACCAGGGACACGATTTACGTTTCAGACATTGGTG,GaPgtRF+QTLV,G,P,R,F,+,Q,T,L,V,6794,6708,1434,1925,3200.108523,3200.965061,637.8319762,839.9943797,0.199315733,0.262419103,0.230867418,0.044620821
232,CAGGCACCAGGGACACGATTTACGTTTCAGACATTGGTG,QaPgtRF+QTLV,Q,P,R,F,+,Q,T,L,V,5658,4518,1142,102,2665.03003,2155.927273,507.9526617,44.5087931,0.190599226,0.020644849,0.105622038,0.120175893
235,GGGGCACGAGGGACACTATTTACGTTTCAGACATTGGTG,GaRgtLF+QTLV,G,R,L,F,+,Q,T,L,V,4439,5947,292,804,2090.856893,2837.82636,129.8793145,350.8340162,0.062117745,0.123627725,0.092872735,0.043494124
236,CAGGCACGAGGGACACTATTTACGTTTCAGACATTGGTG,QaRgtLF+QTLV,Q,R,L,F,+,Q,T,L,V,6742,5977,1793,2112,3175.615493,2852.141946,797.5123663,921.5938337,0.251136313,0.323123411,0.287129862,0.050902565
237,GGGGCACCAGGGACACTATTTACGTTTCAGACATTGGTG,GaPgtLF+QTLV,G,P,L,F,+,Q,T,L,V,2885,5258,790,116,1358.892124,2509.045065,351.3858167,50.61784314,0.258582569,0.020174147,0.139378358,0.168580212
238,CAGGCACCAGGGACACTATTTACGTTTCAGACATTGGTG,QaPgtLF+QTLV,Q,P,L,F,+,Q,T,L,V,4209,4850,887,150,1982.522339,2314.353093,394.5306575,65.45410751,0.199004394,0.028281816,0.113643105,0.120719093
241,GGGGCACGAGGGACACGATATCCGACATTGGTG,GaRgtRY-PTLV,G,R,R,Y,-,P,T,L,V,153,370,327,1,72.06602944,176.5588958,145.4470406,0.436360717,2.018246901,0.002471474,1.010359188,1.425368474
242,CAGGCACGAGGGACACGATATCCGACATTGGTG,QaRgtRY-PTLV,Q,R,R,Y,-,P,T,L,V,913,925,1,1,430.0410776,441.3972394,0.444792173,0.436360717,0.001034302,0.00098859,0.001011446,3.23E-05
243,GGGGCACCAGGGACACGATATCCGACATTGGTG,GaPgtRY-PTLV,G,P,R,Y,-,P,T,L,V,141,415,2,5,66.41379184,198.032275,0.889584346,2.181803584,0.013394572,0.011017414,0.012205993,0.001680905
244,CAGGCACCAGGGACACGATATCCGACATTGGTG,QaPgtRY-PTLV,Q,P,R,Y,-,P,T,L,V,428,297,1,2,201.5964745,141.7243028,0.444792173,0.872721433,0.002206349,0.006157881,0.004182115,0.002794155
245,GGGGCACAGGGACACGATATCCGACATTGGTG,GaxgtRY-PTLV,G,x,R,Y,-,P,T,L,V,3974,4532,1614,2210,1871.832686,2162.60788,717.8945674,964.3571839,0.383524966,0.445923273,0.414724119,0.044122266
246,CAGGCACAGGGACACGATATCCGACATTGGTG,QaxgtRY-PTLV,Q,x,R,Y,-,P,T,L,V,3268,4179,1833,1372,1539.292707,1994.16115,815.3040533,598.6869033,0.52966148,0.300219921,0.414940701,0.162239682
247,GGGGCACGAGGGACACTATATCCGACATTGGTG,GaRgtLY-PTLV,G,R,L,Y,-,P,T,L,V,110,247,1,1,51.81217803,117.8649926,0.444792173,0.436360717,0.008584703,0.003702208,0.006143456,0.003452446
251,GGGGCACAGGGACACTATATCCGACATTGGTG,GaxgtLY-PTLV,G,x,L,Y,-,P,T,L,V,2801,5479,1253,782,1319.326461,2614.503216,557.3245929,341.2340805,0.422431149,0.130515839,0.276473494,0.206415295
252,CAGGCACAGGGACACTATATCCGACATTGGTG,QaxgtLY-PTLV,Q,x,L,Y,-,P,T,L,V,3487,3411,1206,633,1642.446044,1627.682144,536.4193607,276.2163337,0.326597859,0.169699185,0.248148522,0.110944116
254,CAGGCACGAGGGACACGATTTCCGACATTGGTG,QaRgtRF-PTLV,Q,R,R,F,-,P,T,L,V,595,745,790,1,280.2567812,355.5037225,351.3858167,0.436360717,1.253799517,0.001227443,0.62751348,0.885702207
256,CAGGCACCAGGGACACGATTTCCGACATTGGTG,QaPgtRF-PTLV,Q,P,R,F,-,P,T,L,V,337,361,752,141,158.7336727,172.2642199,334.4837142,61.52686106,2.10720075,0.357165644,1.232183197,1.237461691
257,GGGGCACAGGGACACGATTTCCGACATTGGTG,GaxgtRF-PTLV,G,x,R,F,-,P,T,L,V,5686,5089,3072,1754,2678.218584,2428.400596,1366.401556,765.3766971,0.510190454,0.315177281,0.412683868,0.137895137
258,CAGGCACAGGGACACGATTTCCGACATTGGTG,QaxgtRF-PTLV,Q,x,R,F,-,P,T,L,V,6991,4741,1900,4831,3292.899424,2262.339797,845.1051289,2108.058622,0.256644683,0.931804597,0.59422464,0.477410154
259,GGGGCACGAGGGACACTATTTCCGACATTGGTG,GaRgtLF-PTLV,G,R,L,F,-,P,T,L,V,177,287,1,1,83.37050465,136.9524408,0.444792173,0.436360717,0.005335126,0.003186221,0.004260674,0.001519506
260,CAGGCACGAGGGACACTATTTCCGACATTGGTG,QaRgtLF-PTLV,Q,R,L,F,-,P,T,L,V,542,1229,1,1,255.2927317,586.4618456,0.444792173,0.436360717,0.001742283,0.000744056,0.00124317,0.000705853
262,CAGGCACCAGGGACACTATTTCCGACATTGGTG,QaPgtLF-PTLV,Q,P,L,F,-,P,T,L,V,207,237,3,1,97.50109865,113.0931305,1.334376519,0.436360717,0.013685759,0.003858419,0.008772089,0.006948978
263,GGGGCACAGGGACACTATTTCCGACATTGGTG,GaxgtLF-PTLV,G,x,L,F,-,P,T,L,V,5404,3271,3190,966,2545.391001,1560.876076,1418.887032,421.5244523,0.557433821,0.270056322,0.413745072,0.203206578
264,CAGGCACAGGGACACTATTTCCGACATTGGTG,QaxgtLF-PTLV,Q,x,L,F,-,P,T,L,V,6205,2954,369,657,2922.677861,1409.608049,164.1283119,286.6889909,0.056156826,0.203382062,0.129769444,0.104103962
265,GGGGCACGAGGGACACGATATACGTTTCCGACATTGGTG,GaRgtRY+PTLV,G,R,R,Y,+,P,T,L,V,1990,3118,181,359,937.3294025,1487.866586,80.50738333,156.6534973,0.085890172,0.105287328,0.09558875,0.013715861
266,CAGGCACGAGGGACACGATATACGTTTCCGACATTGGTG,QaRgtRY+PTLV,Q,R,R,Y,+,P,T,L,V,4639,5057,1400,1,2185.060853,2413.130637,622.7090423,0.436360717,0.28498476,0.000180828,0.142582794,0.201386792
267,GGGGCACCAGGGACACGATATACGTTTCCGACATTGGTG,GaPgtRY+PTLV,G,P,R,Y,+,P,T,L,V,4397,2840,279,118,2071.074062,1355.208821,124.0970163,51.49056457,0.059919159,0.037994561,0.04895686,0.015503032
268,CAGGCACCAGGGACACGATATACGTTTCCGACATTGGTG,QaPgtRY+PTLV,Q,P,R,Y,+,P,T,L,V,1583,1340,582,801,745.6243438,639.4295143,258.8690447,349.5249341,0.347184272,0.546619958,0.446902115,0.141022326
271,GGGGCACGAGGGACACTATATACGTTTCCGACATTGGTG,GaRgtLY+PTLV,G,R,L,Y,+,P,T,L,V,1393,1258,152,1388,656.1305818,600.3002456,67.60841031,605.6686748,0.10304109,1.008942907,0.555991998,0.640569318
272,CAGGCACGAGGGACACTATATACGTTTCCGACATTGGTG,QaRgtLY+PTLV,Q,R,L,Y,+,P,T,L,V,2264,2939,3,901,1066.388828,1402.450256,1.334376519,393.1610058,0.001251304,0.280338646,0.140794975,0.197344552
273,GGGGCACCAGGGACACTATATACGTTTCCGACATTGGTG,GaPgtLY+PTLV,G,P,L,Y,+,P,T,L,V,1556,1599,1,151,732.9068092,763.0207414,0.444792173,65.89046822,0.000606888,0.086354754,0.043480821,0.060632898
274,CAGGCACCAGGGACACTATATACGTTTCCGACATTGGTG,QaPgtLY+PTLV,Q,P,L,Y,+,P,T,L,V,2697,1755,1200,1289,1270.340401,837.4617893,533.7506077,562.4689638,0.420163452,0.671635376,0.545899414,0.177817503
277,GGGGCACGAGGGACACGATTTACGTTTCCGACATTGGTG,GaRgtRF+PTLV,G,R,R,F,+,P,T,L,V,5941,8488,431,1648,2798.328633,4050.356506,191.7054266,719.1224611,0.068507117,0.177545473,0.123026295,0.077101761
278,CAGGCACGAGGGACACGATTTACGTTTCCGACATTGGTG,QaRgtRF+PTLV,Q,R,R,F,+,P,T,L,V,6776,7036,1801,3524,3191.630167,3357.482137,801.0707037,1537.735166,0.25099108,0.458002486,0.354496783,0.146379169
279,GGGGCACCAGGGACACGATTTACGTTTCCGACATTGGTG,GaPgtRF+PTLV,G,P,R,F,+,P,T,L,V,4910,5294,929,1146,2312.707219,2526.223768,413.2119288,500.0693814,0.178670229,0.197951341,0.188310785,0.013633805
280,CAGGCACCAGGGACACGATTTACGTTTCCGACATTGGTG,QaPgtRF+PTLV,Q,P,R,F,+,P,T,L,V,3168,4397,650,427,1492.190727,2098.187742,289.1149125,186.326026,0.193751983,0.088803315,0.141277649,0.074209915
281,GGGGCACAGGGACACGATTTACGTTTCCGACATTGGTG,GaxgtRF+PTLV,G,x,R,F,+,P,T,L,V,269,334,2,1,126.7043263,159.3801924,0.889584346,0.436360717,0.007020947,0.00273786,0.004879404,0.0030286
283,GGGGCACGAGGGACACTATTTACGTTTCCGACATTGGTG,GaRgtLF+PTLV,G,R,L,F,+,P,T,L,V,2531,2181,1834,259,1192.151114,1040.743113,815.7488454,113.0174256,0.684266311,0.108593008,0.39642966,0.407062496
284,CAGGCACGAGGGACACTATTTACGTTTCCGACATTGGTG,QaRgtLF+PTLV,Q,R,L,F,+,P,T,L,V,2343,3392,264,149,1103.599392,1618.615606,117.4251337,65.01774679,0.106401956,0.040168738,0.073285347,0.046833957
285,GGGGCACCAGGGACACTATTTACGTTTCCGACATTGGTG,GaPgtLF+PTLV,G,P,L,F,+,P,T,L,V,2561,1324,490,536,1206.281708,631.7945351,217.9481648,233.8893442,0.180677667,0.370198429,0.275438048,0.134011416
286,CAGGCACCAGGGACACTATTTACGTTTCCGACATTGGTG,QaPgtLF+PTLV,Q,P,L,F,+,P,T,L,V,3057,2313,35842,27471,1439.907529,1103.731692,15942.24107,11987.26525,11.07171172,10.86066962,10.96619067,0.149229301
290,CAGGCACGAGGGACACGATATCAGTCATTGGTG,QaRgtRY-QSLV,Q,R,R,Y,-,Q,S,L,V,292,805,3,1,137.5377817,384.1348948,1.334376519,0.436360717,0.009701891,0.001135957,0.005418924,0.00605703
291,GGGGCACCAGGGACACGATATCAGTCATTGGTG,GaPgtRY-QSLV,G,P,R,Y,-,Q,S,L,V,238,247,300,1,112.1027125,117.8649926,133.4376519,0.436360717,1.190315997,0.003702208,0.597009102,0.839062657
293,GGGGCACAGGGACACGATATCAGTCATTGGTG,GaxgtRY-QSLV,G,x,R,Y,-,Q,S,L,V,3555,2177,1371,538,1674.47539,1038.834368,609.8100693,234.7620656,0.364179774,0.225986041,0.295082907,0.097717726
294,CAGGCACAGGGACACGATATCAGTCATTGGTG,QaxgtRY-QSLV,Q,x,R,Y,-,Q,S,L,V,2455,2444,1175,1567,1156.35361,1166.243084,522.6308034,683.7772431,0.451964519,0.586307651,0.519136085,0.094994939
297,GGGGCACCAGGGACACTATATCAGTCATTGGTG,GaPgtLY-QSLV,G,P,L,Y,-,Q,S,L,V,223,571,3,115,105.0374155,272.4733229,1.334376519,50.18148242,0.012703821,0.184170259,0.09843704,0.121245081
299,GGGGCACAGGGACACTATATCAGTCATTGGTG,GaxgtLY-QSLV,G,x,L,Y,-,Q,S,L,V,4765,5943,1182,3202,2244.409348,2835.917615,525.7443486,1397.227015,0.234246194,0.492689565,0.36346788,0.18274706
300,CAGGCACAGGGACACTATATCAGTCATTGGTG,QaxgtLY-QSLV,Q,x,L,Y,-,Q,S,L,V,4012,3345,1953,2,1889.731439,1596.187855,868.679114,0.872721433,0.459683898,0.000546754,0.230115326,0.324658988
301,GGGGCACGAGGGACACGATTTCAGTCATTGGTG,GaRgtRF-QSLV,G,R,R,F,-,Q,S,L,V,905,634,1,1,426.2729192,302.5360538,0.444792173,0.436360717,0.001043445,0.001442343,0.001242894,0.000282064
302,CAGGCACGAGGGACACGATTTCAGTCATTGGTG,QaRgtRF-QSLV,Q,R,R,F,-,Q,S,L,V,558,1032,327,1,262.8290485,492.4561633,145.4470406,0.436360717,0.553390279,0.00088609,0.277138185,0.390679459
303,GGGGCACCAGGGACACGATTTCAGTCATTGGTG,GaPgtRF-QSLV,G,P,R,F,-,Q,S,L,V,591,1559,1,128,278.372702,743.9332932,0.444792173,55.85417174,0.00159783,0.075079543,0.038338686,0.051959418
304,CAGGCACCAGGGACACGATTTCAGTCATTGGTG,QaPgtRF-QSLV,Q,P,R,F,-,Q,S,L,V,631,1092,1,146,297.213494,521.0873356,0.444792173,63.70866464,0.001496541,0.122261011,0.061878776,0.085393376
305,GGGGCACAGGGACACGATTTCAGTCATTGGTG,GaxgtRF-QSLV,G,x,R,F,-,Q,S,L,V,3323,4619,1133,758,1565.198796,2204.12308,503.9495321,330.7614233,0.321971582,0.150064861,0.236018221,0.121556408
306,CAGGCACAGGGACACGATTTCAGTCATTGGTG,QaxgtRF-QSLV,Q,x,R,F,-,Q,S,L,V,3191,3474,963,1609,1503.024183,1657.744875,428.3348627,702.1043932,0.284982017,0.423529823,0.35425592,0.097968093
308,CAGGCACGAGGGACACTATTTCAGTCATTGGTG,QaRgtLF-QSLV,Q,R,L,F,-,Q,S,L,V,287,793,1,1,135.1826827,378.4086604,0.444792173,0.436360717,0.003290304,0.001153147,0.002221726,0.001511199
311,GGGGCACAGGGACACTATTTCAGTCATTGGTG,GaxgtLF-QSLV,G,x,L,F,-,Q,S,L,V,4180,3118,12462,10290,1968.862765,1487.866586,5543.000061,4490.151775,2.815330839,3.017845697,2.916588268,0.143199629
312,CAGGCACAGGGACACTATTTCAGTCATTGGTG,QaxgtLF-QSLV,Q,x,L,F,-,Q,S,L,V,2510,4394,3098,3112,1182.259699,2096.756184,1377.966152,1357.95455,1.165535926,0.647645425,0.906590675,0.366203885
313,GGGGCACGAGGGACACGATATACGTTTCAGTCATTGGTG,GaRgtRY+QSLV,G,R,R,Y,+,Q,S,L,V,5596,4467,340,408,2635.826802,2131.590777,151.2293388,178.0351724,0.057374536,0.08352221,0.070448373,0.018489198
314,CAGGCACGAGGGACACGATATACGTTTCAGTCATTGGTG,QaRgtRY+QSLV,Q,R,R,Y,+,Q,S,L,V,9033,6710,5026,4214,4254.721856,3201.919434,2235.525462,1838.82406,0.525422234,0.574288048,0.549855141,0.034553348
315,GGGGCACCAGGGACACGATATACGTTTCAGTCATTGGTG,GaPgtRY+QSLV,G,P,R,Y,+,Q,S,L,V,5541,7267,1958,1443,2609.920713,3467.71215,870.9030749,629.6685142,0.333689476,0.181580387,0.257634931,0.107557368
316,CAGGCACCAGGGACACGATATACGTTTCAGTCATTGGTG,QaPgtRY+QSLV,Q,P,R,Y,+,Q,S,L,V,5105,5572,2021,1593,2404.55608,2658.881533,898.9249818,695.1226217,0.373842386,0.261434221,0.317638303,0.079484576
319,GGGGCACGAGGGACACTATATACGTTTCAGTCATTGGTG,GaRgtLY+QSLV,G,R,L,Y,+,Q,S,L,V,2654,3021,474,402,1250.08655,1441.579525,210.83149,175.4170081,0.168653514,0.121683893,0.145168704,0.033212538
320,CAGGCACGAGGGACACTATATACGTTTCAGTCATTGGTG,QaRgtLY+QSLV,Q,R,L,Y,+,Q,S,L,V,3202,3588,808,742,1508.2054,1712.144103,359.3920758,323.7796518,0.238291201,0.189107711,0.213699456,0.034777979
321,GGGGCACCAGGGACACTATATACGTTTCAGTCATTGGTG,GaPgtLY+QSLV,G,P,L,Y,+,Q,S,L,V,5204,5143,1719,849,2451.187041,2454.168651,764.5977455,370.4702485,0.311929581,0.150955497,0.231442539,0.113825866
322,CAGGCACCAGGGACACTATATACGTTTCAGTCATTGGTG,QaPgtLY+QSLV,Q,P,L,Y,+,Q,S,L,V,2905,3789,809,16,1368.31252,1808.05853,359.836868,6.981771467,0.262978569,0.003861474,0.133420021,0.183223455
325,GGGGCACGAGGGACACGATTTACGTTTCAGTCATTGGTG,GaRgtRF+QSLV,G,R,R,F,+,Q,S,L,V,7086,8790,1639,1432,3337.646305,4194.46674,729.0143717,624.8685463,0.218421698,0.148974491,0.183698094,0.049106591
326,CAGGCACGAGGGACACGATTTACGTTTCAGTCATTGGTG,QaRgtRF+QSLV,Q,R,R,F,+,Q,S,L,V,8920,11889,1328,1044,4201.496618,5673.266788,590.6840059,455.5605882,0.140588952,0.080299518,0.110444235,0.042631068
327,GGGGCACCAGGGACACGATTTACGTTTCAGTCATTGGTG,GaPgtRF+QSLV,G,P,R,F,+,Q,S,L,V,10247,9418,1339,919,4826.539893,4494.139676,595.5767198,401.0154987,0.123396208,0.08923076,0.106313484,0.02415862
328,CAGGCACCAGGGACACGATTTACGTTTCAGTCATTGGTG,QaPgtRF+QSLV,Q,P,R,F,+,Q,S,L,V,5923,7999,1000,464,2789.850277,3817.012452,444.7921731,202.4713726,0.159432274,0.053044462,0.106238368,0.075227543
330,CAGGCACAGGGACACGATTTACGTTTCAGTCATTGGTG,QaxgtRF+QSLV,Q,x,R,F,+,Q,S,L,V,58,699,3,86,27.31914842,333.5531571,1.334376519,37.52702164,0.048844001,0.11250687,0.080675436,0.045016446
331,GGGGCACGAGGGACACTATTTACGTTTCAGTCATTGGTG,GaRgtLF+QSLV,G,R,L,F,+,Q,S,L,V,4856,4592,4,664,2287.27215,2191.239052,1.779168692,289.7435159,0.000777856,0.132228164,0.06650301,0.092949404
332,CAGGCACGAGGGACACTATTTACGTTTCAGTCATTGGTG,QaRgtLF+QSLV,Q,R,L,F,+,Q,S,L,V,6328,6140,551,764,2980.613296,2929.923297,245.0804874,333.3795876,0.082224852,0.113784408,0.09800463,0.022315976
333,GGGGCACCAGGGACACTATTTACGTTTCAGTCATTGGTG,GaPgtLF+QSLV,G,P,L,F,+,Q,S,L,V,4928,3925,1549,490,2321.185576,1872.955854,688.9830761,213.8167512,0.29682378,0.114160059,0.205491919,0.129162755
334,CAGGCACCAGGGACACTATTTACGTTTCAGTCATTGGTG,QaPgtLF+QSLV,Q,P,L,F,+,Q,S,L,V,4636,4403,532,378,2183.647794,2101.050859,236.6294361,164.9443509,0.108364287,0.078505644,0.093434965,0.021113249
335,GGGGCACAGGGACACTATTTACGTTTCAGTCATTGGTG,GaxgtLF+QSLV,G,x,L,F,+,Q,S,L,V,203,202,2,1,95.61701945,96.39161336,0.889584346,0.436360717,0.009303619,0.004526957,0.006915288,0.00337761
337,GGGGCACGAGGGACACGATATCCGTCATTGGTG,GaRgtRY-PSLV,G,R,R,Y,-,P,S,L,V,1374,1160,1,1,647.1812056,553.5359975,0.444792173,0.436360717,0.000687276,0.000788315,0.000737796,7.14E-05
338,CAGGCACGAGGGACACGATATCCGTCATTGGTG,QaRgtRY-PSLV,Q,R,R,Y,-,P,S,L,V,1319,1600,321,406,621.2751165,763.4979276,142.7782876,177.162451,0.229814914,0.232040513,0.230927714,0.001573736
339,GGGGCACCAGGGACACGATATCCGTCATTGGTG,GaPgtRY-PSLV,G,P,R,Y,-,P,S,L,V,401,499,2,275,188.8789399,238.1159162,0.889584346,119.9991971,0.004709812,0.503952861,0.254331336,0.353018145
340,CAGGCACCAGGGACACGATATCCGTCATTGGTG,QaPgtRY-PSLV,Q,P,R,Y,-,P,S,L,V,955,588,1453,268,449.8239092,280.5854884,646.2830275,116.9446721,1.436746723,0.416788027,0.926767375,0.72121971
341,GGGGCACAGGGACACGATATCCGTCATTGGTG,GaxgtRY-PSLV,G,x,R,Y,-,P,S,L,V,8344,7578,4021,2903,3930.189213,3616.11706,1788.509328,1266.755161,0.455069522,0.350308118,0.40268882,0.0740775
342,CAGGCACAGGGACACGATATCCGTCATTGGTG,QaxgtRY-PSLV,Q,x,R,Y,-,P,S,L,V,7676,3121,3535,939,3615.547987,1489.298145,1572.340332,409.742713,0.434882994,0.275124705,0.355003849,0.112966169
344,CAGGCACGAGGGACACTATATCCGTCATTGGTG,QaRgtLY-PSLV,Q,R,L,Y,-,P,S,L,V,718,414,1,178,338.1922166,197.5550888,0.444792173,77.67220758,0.001315205,0.393167334,0.19724127,0.277081298
347,GGGGCACAGGGACACTATATCCGTCATTGGTG,GaxgtLY-PSLV,G,x,L,Y,-,P,S,L,V,3878,5278,2375,2909,1826.614785,2518.588789,1056.381411,1269.373325,0.578327417,0.504001817,0.541164617,0.052556136
348,CAGGCACAGGGACACTATATCCGTCATTGGTG,QaxgtLY-PSLV,Q,x,L,Y,-,P,S,L,V,4273,4844,1272,2778,2012.667607,2311.489976,565.7756442,1212.210071,0.281107343,0.524428003,0.402767673,0.172053688
349,GGGGCACGAGGGACACGATTTCCGTCATTGGTG,GaRgtRF-PSLV,G,R,R,F,-,P,S,L,V,1332,841,1,558,627.3983739,401.3135982,0.444792173,243.4892799,0.000708947,0.606730699,0.303719823,0.42852209
350,CAGGCACGAGGGACACGATTTCCGTCATTGGTG,QaRgtRF-PSLV,Q,R,R,F,-,P,S,L,V,2033,1047,605,153,957.5832539,499.6139564,269.0992647,66.76318966,0.281019184,0.133629553,0.207324369,0.104220208
351,GGGGCACCAGGGACACGATTTCCGTCATTGGTG,GaPgtRF-PSLV,G,P,R,F,-,P,S,L,V,1671,690,2,149,787.0740862,329.2584813,0.889584346,65.01774679,0.001130242,0.197467189,0.099298716,0.138831187
352,CAGGCACCAGGGACACGATTTCCGTCATTGGTG,QaPgtRF-PSLV,Q,P,R,F,-,P,S,L,V,1191,1127,3,6,560.9845821,537.7888527,1.334376519,2.6181643,0.002378633,0.004868387,0.00362351,0.001760522
353,GGGGCACAGGGACACGATTTCCGTCATTGGTG,GaxgtRF-PSLV,G,x,R,F,-,P,S,L,V,11164,10028,3106,299,5258.46505,4785.223261,1381.52449,130.4718543,0.262723908,0.027265573,0.144994741,0.166494186
354,CAGGCACAGGGACACGATTTCCGTCATTGGTG,QaxgtRF-PSLV,Q,x,R,F,-,P,S,L,V,7704,7419,3918,4288,3628.736541,3540.244453,1742.695734,1871.114753,0.480248625,0.528526992,0.504387809,0.034137961
355,GGGGCACGAGGGACACTATTTCCGTCATTGGTG,GaRgtLF-PSLV,G,R,L,F,-,P,S,L,V,429,347,297,1,202.0674943,165.583613,132.1032754,0.436360717,0.653758171,0.002635289,0.32819673,0.460413405
356,CAGGCACGAGGGACACTATTTCCGTCATTGGTG,QaRgtLF-PSLV,Q,R,L,F,-,P,S,L,V,345,1006,4,3,162.5018311,480.049322,1.779168692,1.30908215,0.010948607,0.002726974,0.006837791,0.005813572
357,GGGGCACCAGGGACACTATTTCCGTCATTGGTG,GaPgtLF-PSLV,G,P,L,F,-,P,S,L,V,298,587,2,5,140.3639005,280.1083022,0.889584346,2.181803584,0.0063377,0.007789143,0.007063422,0.001026325
358,CAGGCACCAGGGACACTATTTCCGTCATTGGTG,QaPgtLF-PSLV,Q,P,L,F,-,P,S,L,V,700,971,4,133,329.7138602,463.3478048,1.779168692,58.03597532,0.005396099,0.125253589,0.065324844,0.084752044
359,GGGGCACAGGGACACTATTTCCGTCATTGGTG,GaxgtLF-PSLV,G,x,L,F,-,P,S,L,V,7226,8802,2850,992,3403.589077,4200.192974,1267.657693,432.869831,0.372447339,0.10305951,0.237753424,0.19048596
360,CAGGCACAGGGACACTATTTCCGTCATTGGTG,QaxgtLF-PSLV,Q,x,L,F,-,P,S,L,V,6893,4868,1667,2921,3246.739483,2322.942445,741.4685525,1274.609654,0.228373282,0.548704793,0.388539038,0.226508584
361,GGGGCACGAGGGACACGATATACGTTTCCGTCATTGGTG,GaRgtRY+PSLV,G,R,R,Y,+,P,S,L,V,4848,5926,1301,484,2283.503992,2827.805449,578.6746172,211.1985869,0.253415198,0.074686392,0.164050795,0.126380351
362,CAGGCACGAGGGACACGATATACGTTTCCGTCATTGGTG,QaRgtRY+PSLV,Q,R,R,Y,+,P,S,L,V,5667,5171,2694,1123,2669.269208,2467.529865,1198.270114,490.0330849,0.448913175,0.198592565,0.32375287,0.177003401
363,GGGGCACCAGGGACACGATATACGTTTCCGTCATTGGTG,GaPgtRY+PSLV,G,P,R,Y,+,P,S,L,V,7450,6014,1593,822,3509.097512,2869.797835,708.5539317,358.6885091,0.201919134,0.124987379,0.163453257,0.054398966
364,CAGGCACCAGGGACACGATATACGTTTCCGTCATTGGTG,QaPgtRY+PSLV,Q,P,R,Y,+,P,S,L,V,3814,3115,552,634,1796.469518,1486.435028,245.5252795,276.6526944,0.136670997,0.186118256,0.161394626,0.034964492
367,GGGGCACGAGGGACACTATATACGTTTCCGTCATTGGTG,GaRgtLY+PSLV,G,R,L,Y,+,P,S,L,V,2696,3607,704,403,1269.869381,1721.21064,313.1336898,175.8533688,0.246587322,0.102168418,0.17437787,0.102119586
368,CAGGCACGAGGGACACTATATACGTTTCCGTCATTGGTG,QaRgtLY+PSLV,Q,R,L,Y,+,P,S,L,V,3031,2817,491,500,1427.661015,1344.233539,218.392957,218.1803584,0.152972558,0.162308373,0.157640465,0.006601418
369,GGGGCACCAGGGACACTATATACGTTTCCGTCATTGGTG,GaPgtLY+PSLV,G,P,L,Y,+,P,S,L,V,2877,3031,769,346,1355.123965,1446.351387,342.0451811,150.980808,0.252408776,0.104387364,0.17839807,0.104666944
370,CAGGCACCAGGGACACTATATACGTTTCCGTCATTGGTG,QaPgtLY+PSLV,Q,P,L,Y,+,P,S,L,V,2655,1816,697,845,1250.55757,866.5701478,310.0201446,368.7248056,0.247905536,0.425499086,0.336702311,0.125577603
373,GGGGCACGAGGGACACGATTTACGTTTCCGTCATTGGTG,GaRgtRF+PSLV,G,R,R,F,+,P,S,L,V,9658,7089,4561,1966,4549.109231,3382.773005,2028.697101,857.8851691,0.445954801,0.253604119,0.34977946,0.136012471
374,CAGGCACGAGGGACACGATTTACGTTTCCGTCATTGGTG,QaRgtRF+PSLV,Q,R,R,F,+,P,S,L,V,9567,10195,3562,2658,4506.246429,4864.913357,1584.349721,1159.846785,0.351589676,0.238410574,0.295000125,0.08002971
375,GGGGCACCAGGGACACGATTTACGTTTCCGTCATTGGTG,GaPgtRF+PSLV,G,P,R,F,+,P,S,L,V,9547,12396,2413,1707,4496.826033,5915.200194,1073.283514,744.8677434,0.238675792,0.125924351,0.182300071,0.079727309
376,CAGGCACCAGGGACACGATTTACGTTTCCGTCATTGGTG,QaPgtRF+PSLV,Q,P,R,F,+,P,S,L,V,6175,8421,2468,2163,2908.547267,4018.38503,1097.747083,943.8482303,0.377421091,0.234882477,0.306151784,0.100790021
379,GGGGCACGAGGGACACTATTTACGTTTCCGTCATTGGTG,GaRgtLF+PSLV,G,R,L,F,+,P,S,L,V,3202,2638,1111,1806,1508.2054,1258.817208,494.1641043,788.0674544,0.327650401,0.626038037,0.476844219,0.210991921
380,CAGGCACGAGGGACACTATTTACGTTTCCGTCATTGGTG,QaRgtLF+PSLV,Q,R,L,F,+,P,S,L,V,5958,5772,2662,1654,2806.33597,2754.318774,1184.036765,721.7406254,0.421915543,0.262039613,0.341977578,0.113049354
381,GGGGCACCAGGGACACTATTTACGTTTCCGTCATTGGTG,GaPgtLF+PSLV,G,P,L,F,+,P,S,L,V,4948,4470,52944,47946,2330.605972,2133.022335,23549.07681,20921.75092,10.10427206,9.808500632,9.956386348,0.209141985
382,CAGGCACCAGGGACACTATTTACGTTTCCGTCATTGGTG,QaPgtLF+PSLV,Q,P,L,F,+,P,S,L,V,3198,1525,91349,106031,1506.321321,727.7089622,40631.32022,46267.76315,26.97387313,63.58003756,45.27695535,25.8844671
389,GGGGCACAGGGACACGATATCAGACATTTACG,GaxgtRY-QTFT,G,x,R,Y,-,Q,T,F,T,3092,2956,414,452,1456.393222,1410.562421,184.1439597,197.235044,0.126438353,0.139827236,0.133132794,0.00946737
395,GGGGCACAGGGACACTATATCAGACATTTACG,GaxgtLY-QTFT,G,x,L,Y,-,Q,T,F,T,3421,3074,1419,354,1611.358737,1466.870393,631.1600936,154.4716937,0.391694338,0.105306982,0.24850066,0.202506442
401,GGGGCACAGGGACACGATTTCAGACATTTACG,GaxgtRF-QTFT,G,x,R,F,-,Q,T,F,T,4644,3549,3700,2551,2187.415952,1693.533841,1645.73104,1113.156188,0.752363097,0.657297871,0.704830484,0.067221266
405,GGGGCACCAGGGACACTATTTCAGACATTTACG,GaPgtLF-QTFT,G,P,L,F,-,Q,T,F,T,170,430,1,1,80.07336604,205.190068,0.444792173,0.436360717,0.005554808,0.002126617,0.003840713,0.002424097
407,GGGGCACAGGGACACTATTTCAGACATTTACG,GaxgtLF-QTFT,G,x,L,F,-,Q,T,F,T,2756,3447,647,865,1298.13057,1644.860848,287.780536,377.45202,0.221688436,0.229473527,0.225580982,0.00550489
409,GGGGCACGAGGGACACGATATACGTTTCAGACATTTACG,GaRgtRY+QTFT,G,R,R,Y,+,Q,T,F,T,3668,4862,1805,4292,1727.700627,2320.079327,802.8498724,1872.860196,0.464692702,0.807239724,0.635966213,0.242217322
410,CAGGCACGAGGGACACGATATACGTTTCAGACATTTACG,QaRgtRY+QTFT,Q,R,R,Y,+,Q,T,F,T,5584,4750,974,575,2630.174565,2266.634473,433.2275766,250.9074121,0.164714381,0.110696019,0.1377052,0.038196751
411,GGGGCACCAGGGACACGATATACGTTTCAGACATTTACG,GaPgtRY+QTFT,G,P,R,Y,+,Q,T,F,T,6711,3781,807,275,3161.01388,1804.24104,358.9472837,119.9991971,0.113554479,0.066509515,0.090031997,0.033265813
412,CAGGCACCAGGGACACGATATACGTTTCAGACATTTACG,QaPgtRY+QTFT,Q,P,R,Y,+,Q,T,F,T,5715,5752,558,1190,2691.878158,2744.77505,248.1940326,519.2692529,0.092201065,0.18918463,0.140692848,0.068577737
415,GGGGCACGAGGGACACTATATACGTTTCAGACATTTACG,GaRgtLY+QTFT,G,R,L,Y,+,Q,T,F,T,1772,3226,2590,2692,834.6470861,1539.402696,1152.011728,1174.683049,1.380238124,0.763077168,1.071657646,0.436398697
416,CAGGCACGAGGGACACTATATACGTTTCAGACATTTACG,QaRgtLY+QTFT,Q,R,L,Y,+,Q,T,F,T,3474,3851,1080,510,1636.322786,1837.644074,480.3755469,222.5439655,0.293570163,0.121102867,0.207336515,0.121952795
417,GGGGCACCAGGGACACTATATACGTTTCAGACATTTACG,GaPgtLY+QTFT,G,P,L,Y,+,Q,T,F,T,2402,3002,332,332,1131.38956,1432.512987,147.6710015,144.8717579,0.1305218,0.1011312,0.1158265,0.020782292
418,CAGGCACCAGGGACACTATATACGTTTCAGACATTTACG,QaPgtLY+QTFT,Q,P,L,Y,+,Q,T,F,T,3616,2899,1602,1896,1703.207598,1383.362808,712.5570613,827.3399189,0.418361838,0.598064307,0.508213073,0.127068834
421,GGGGCACGAGGGACACGATTTACGTTTCAGACATTTACG,GaRgtRF+QTFT,G,R,R,F,+,Q,T,F,T,7320,6712,1387,1200,3447.864938,3202.873806,616.9267441,523.6328601,0.178930079,0.163488446,0.171209262,0.010918883
422,CAGGCACGAGGGACACGATTTACGTTTCAGACATTTACG,QaRgtRF+QTFT,Q,R,R,F,+,Q,T,F,T,6795,6464,11830,14366,3200.579543,3084.531627,5261.891408,6268.758056,1.644043317,2.032320888,1.838182102,0.274553704
423,GGGGCACCAGGGACACGATTTACGTTTCAGACATTTACG,GaPgtRF+QTFT,G,P,R,F,+,Q,T,F,T,8142,6650,1625,938,3835.043214,3173.288262,722.7872813,409.3063523,0.188469136,0.128984926,0.158727031,0.042061688
424,CAGGCACCAGGGACACGATTTACGTTTCAGACATTTACG,QaPgtRF+QTFT,Q,P,R,F,+,Q,T,F,T,7881,6220,10225,9138,3712.107046,2968.098193,4547.99997,3987.464229,1.225180178,1.343440806,1.284310492,0.083622892
427,GGGGCACGAGGGACACTATTTACGTTTCAGACATTTACG,GaRgtLF+QTFT,G,R,L,F,+,Q,T,F,T,4170,5044,1283,1094,1964.152567,2406.927217,570.6683581,477.3786241,0.290541767,0.198335297,0.244438532,0.06519982
428,CAGGCACGAGGGACACTATTTACGTTTCAGACATTTACG,QaRgtLF+QTFT,Q,R,L,F,+,Q,T,F,T,7028,6771,4550,7181,3310.327156,3231.027792,2023.804388,3133.506307,0.611360839,0.969817194,0.790589016,0.253466919
429,GGGGCACCAGGGACACTATTTACGTTTCAGACATTTACG,GaPgtLF+QTFT,G,P,L,F,+,Q,T,F,T,2607,4351,196,371,1227.948619,2076.237177,87.17926592,161.8898259,0.070995858,0.077972704,0.074484281,0.004933375
430,CAGGCACCAGGGACACTATTTACGTTTCAGACATTTACG,QaPgtLF+QTFT,Q,P,L,F,+,Q,T,F,T,5526,5197,1432,937,2602.855416,2479.936706,636.9423919,408.8699916,0.244709094,0.16487114,0.204790117,0.056453959
437,GGGGCACAGGGACACGATATCCGACATTTACG,GaxgtRY-PTFT,G,x,R,Y,-,P,T,F,T,3071,3322,2651,1244,1446.501807,1585.212572,1179.144051,542.8327316,0.815169428,0.342435293,0.578802361,0.334273513
443,GGGGCACAGGGACACTATATCCGACATTTACG,GaxgtLY-PTFT,G,x,L,Y,-,P,T,F,T,4116,3297,703,323,1938.717498,1573.282917,312.6888977,140.9445115,0.161286468,0.089586247,0.125436357,0.050699713
449,GGGGCACAGGGACACGATTTCCGACATTTACG,GaxgtRF-PTFT,G,x,R,F,-,P,T,F,T,5837,6357,3584,2264,2749.342574,3033.472704,1594.135148,987.9206626,0.579824124,0.325673167,0.452748645,0.179711865
455,GGGGCACAGGGACACTATTTCCGACATTTACG,GaxgtLF-PTFT,G,x,L,F,-,P,T,F,T,3562,2453,5635,7486,1677.772529,1170.53776,2506.403895,3266.596325,1.49388779,2.790680007,2.142283899,0.91697057
457,GGGGCACGAGGGACACGATATACGTTTCCGACATTTACG,GaRgtRY+PTFT,G,R,R,Y,+,P,T,F,T,2039,1872,1408,1172,960.4093727,893.2925753,626.2673797,511.41476,0.652083786,0.572505329,0.612294558,0.056270466
458,CAGGCACGAGGGACACGATATACGTTTCCGACATTTACG,QaRgtRY+PTFT,Q,R,R,Y,+,P,T,F,T,3942,3308,3,336,1856.760053,1578.531965,1.334376519,146.6172008,0.000718659,0.092881997,0.046800328,0.065169321
459,GGGGCACCAGGGACACGATATACGTTTCCGACATTTACG,GaPgtRY+PTFT,G,P,R,Y,+,P,T,F,T,3934,4417,701,4,1852.991894,2107.731466,311.7993133,1.745442867,0.16826804,0.000828114,0.084548077,0.118397906
460,CAGGCACCAGGGACACGATATACGTTTCCGACATTTACG,QaPgtRY+PTFT,Q,P,R,Y,+,P,T,F,T,2307,4109,5,400,1086.642679,1960.758115,2.223960865,174.5442867,0.002046635,0.089018776,0.045532705,0.06149859
463,GGGGCACGAGGGACACTATATACGTTTCCGACATTTACG,GaRgtLY+PTFT,G,R,L,Y,+,P,T,F,T,1363,463,2,709,641.9999878,220.9372128,0.889584346,309.3797482,0.001385645,1.400306197,0.700845921,0.989186208
464,CAGGCACGAGGGACACTATATACGTTTCCGACATTTACG,QaRgtLY+PTFT,Q,R,L,Y,+,P,T,F,T,2143,3223,8,383,1009.395432,1537.971138,3.558337385,167.1261545,0.003525216,0.108666639,0.056095928,0.074346213
465,GGGGCACCAGGGACACTATATACGTTTCCGACATTTACG,GaPgtLY+PTFT,G,P,L,Y,+,P,T,F,T,1652,1389,1,148,778.12471,662.8116384,0.444792173,64.58138607,0.000571621,0.097435504,0.049003562,0.068493109
466,CAGGCACCAGGGACACTATATACGTTTCCGACATTTACG,QaPgtLY+PTFT,Q,P,L,Y,+,P,T,F,T,1978,3093,806,390,931.6771649,1475.936931,358.5024915,170.1806795,0.384792614,0.11530349,0.250048052,0.190557587
469,GGGGCACGAGGGACACGATTTACGTTTCCGACATTTACG,GaRgtRF+PTFT,G,R,R,F,+,P,T,F,T,7299,6715,3,413,3437.973522,3204.305365,1.334376519,180.216976,0.000388129,0.056242135,0.028315132,0.039494747
470,CAGGCACGAGGGACACGATTTACGTTTCCGACATTTACG,QaRgtRF+PTFT,Q,R,R,F,+,P,T,F,T,5538,7608,920,630,2608.507654,3630.432646,409.2087992,274.9072515,0.156874678,0.075723,0.116298839,0.057382902
471,GGGGCACCAGGGACACGATTTACGTTTCCGACATTTACG,GaPgtRF+PTFT,G,P,R,F,+,P,T,F,T,6316,5808,1112,513,2974.961058,2771.497477,494.6088965,223.8530477,0.166257267,0.08076971,0.123513489,0.060448832
472,CAGGCACCAGGGACACGATTTACGTTTCCGACATTTACG,QaPgtRF+PTFT,Q,P,R,F,+,P,T,F,T,4249,6304,10785,8219,2001.363131,3008.181835,4797.083587,3586.448731,2.396908143,1.192231364,1.794569753,0.85183512
473,GGGGCACAGGGACACGATTTACGTTTCCGACATTTACG,GaxgtRF+PTFT,G,x,R,F,+,P,T,F,T,383,320,1,1,180.4005835,152.6995855,0.444792173,0.436360717,0.002465581,0.002857642,0.002661611,0.000277229
475,GGGGCACGAGGGACACTATTTACGTTTCCGACATTTACG,GaRgtLF+PTFT,G,R,L,F,+,P,T,F,T,2393,3257,384,146,1127.150382,1554.195469,170.8001945,63.70866464,0.151532748,0.040991411,0.096262079,0.078164529
476,CAGGCACGAGGGACACTATTTACGTTTCCGACATTTACG,QaRgtLF+PTFT,Q,R,L,F,+,P,T,F,T,3853,3992,2049,1593,1814.83929,1904.927329,911.3791626,695.1226217,0.502181745,0.364907685,0.433544715,0.097067419
477,GGGGCACCAGGGACACTATTTACGTTTCCGACATTTACG,GaPgtLF+PTFT,G,P,L,F,+,P,T,F,T,1598,2274,37721,36548,752.6896408,1085.12143,16778.00556,15948.11147,22.29073532,14.69707541,18.49390536,5.369528419
478,CAGGCACCAGGGACACTATTTACGTTTCCGACATTTACG,QaPgtLF+PTFT,Q,P,L,F,+,P,T,F,T,3732,2422,120277,138614,1757.845895,1155.744988,53498.2682,60485.70439,30.43399218,52.33481869,41.38440543,15.48622294
485,GGGGCACAGGGACACGATATCAGTCATTTACG,GaxgtRY-QSFT,G,x,R,Y,-,Q,S,F,T,2194,6177,1138,3699,1033.417442,2947.579187,506.173493,1614.098291,0.489805448,0.547601333,0.51870339,0.040867862
491,GGGGCACAGGGACACTATATCAGTCATTTACG,GaxgtLY-QSFT,G,x,L,Y,-,Q,S,F,T,6655,4785,219,2,3134.636771,2283.33599,97.4094859,0.872721433,0.031075207,0.000382213,0.01572871,0.021703224
493,GGGGCACGAGGGACACGATTTCAGTCATTTACG,GaRgtRF-QSFT,G,R,R,F,-,Q,S,F,T,42,352,1,1,19.78283161,167.9695441,0.444792173,0.436360717,0.022483747,0.002597856,0.012540801,0.014061448
497,GGGGCACAGGGACACGATTTCAGTCATTTACG,GaxgtRF-QSFT,G,x,R,F,-,Q,S,F,T,4633,6264,1197,1167,2182.234735,2989.094386,532.4162312,509.2329564,0.243977526,0.170363625,0.207170576,0.052052888
501,GGGGCACCAGGGACACTATTTCAGTCATTTACG,GaPgtLF-QSFT,G,P,L,F,-,Q,S,F,T,685,924,1,1,322.6485632,440.9200532,0.444792173,0.436360717,0.001378565,0.000989659,0.001184112,0.000274998
503,GGGGCACAGGGACACTATTTCAGTCATTTACG,GaxgtLF-QSFT,G,x,L,F,-,Q,S,F,T,4072,3809,4739,5367,1917.992627,1817.602254,2107.870108,2341.947967,1.098998025,1.288482099,1.193740062,0.133985474
505,GGGGCACGAGGGACACGATATACGTTTCAGTCATTTACG,GaRgtRY+QSFT,G,R,R,Y,+,Q,S,F,T,5758,5628,294,689,2712.13201,2685.60396,130.7688989,300.6525338,0.048216274,0.111949691,0.080082982,0.045066332
506,CAGGCACGAGGGACACGATATACGTTTCAGTCATTTACG,QaRgtRY+QSFT,Q,R,R,Y,+,Q,S,F,T,8573,8371,2653,1598,4038.052748,3994.52572,1180.033635,697.3044253,0.292228386,0.174565011,0.233396698,0.08320057
507,GGGGCACCAGGGACACGATATACGTTTCAGTCATTTACG,GaPgtRY+QSFT,G,P,R,Y,+,Q,S,F,T,7858,7766,1994,1349,3701.27359,3705.828066,886.9155931,588.6506068,0.239624435,0.158844554,0.199234495,0.057120002
508,CAGGCACCAGGGACACGATATACGTTTCAGTCATTTACG,QaPgtRY+QSFT,Q,P,R,Y,+,Q,S,F,T,6564,5318,1093,658,3091.773969,2537.676237,486.1578452,287.1253516,0.157242363,0.11314499,0.135193676,0.031181552
511,GGGGCACGAGGGACACTATATACGTTTCAGTCATTTACG,GaRgtLY+QSFT,G,R,L,Y,+,Q,S,F,T,1613,2535,267,333,759.7549378,1209.667029,118.7595102,145.3081187,0.156312917,0.12012241,0.138217663,0.025590553
512,CAGGCACGAGGGACACTATATACGTTTCAGTCATTTACG,QaRgtLY+QSFT,Q,R,L,Y,+,Q,S,F,T,3369,2853,1216,1484,1586.865707,1361.412242,540.8672825,647.5593036,0.340839984,0.475652623,0.408246303,0.095326931
513,GGGGCACCAGGGACACTATATACGTTTCAGTCATTTACG,GaPgtLY+QSFT,G,P,L,Y,+,Q,S,F,T,4909,2942,576,451,2312.236199,1403.881814,256.2002917,196.7986832,0.110801955,0.140181803,0.125491879,0.020774689
514,CAGGCACCAGGGACACTATATACGTTTCAGTCATTTACG,QaPgtLY+QSFT,Q,P,L,Y,+,Q,S,F,T,2376,2419,250,412,1119.143045,1154.313429,111.1980433,179.7806153,0.099359991,0.155746793,0.127553392,0.03987149
517,GGGGCACGAGGGACACGATTTACGTTTCAGTCATTTACG,GaRgtRF+QSFT,G,R,R,F,+,Q,S,F,T,7849,6742,2741,1104,3697.034412,3217.189392,1219.175346,481.7422313,0.329771165,0.149740091,0.239755628,0.127301194
518,CAGGCACGAGGGACACGATTTACGTTTCAGTCATTTACG,QaRgtRF+QSFT,Q,R,R,F,+,Q,S,F,T,9755,7196,3808,1553,4594.798152,3433.831929,1693.768595,677.6681931,0.368627422,0.197350426,0.282988924,0.121111125
519,GGGGCACCAGGGACACGATTTACGTTTCAGTCATTTACG,GaPgtRF+QSFT,G,P,R,F,+,Q,S,F,T,8695,9548,7286,6263,4095.517163,4556.173883,3240.755773,2732.927169,0.791293418,0.599829427,0.695561422,0.135385486
520,CAGGCACCAGGGACACGATTTACGTTTCAGTCATTTACG,QaPgtRF+QSFT,Q,P,R,F,+,Q,S,F,T,9310,7864,43177,38241,4385.19434,3752.592314,19204.79166,16686.87017,4.379461927,4.446758073,4.41311,0.047585561
521,GGGGCACAGGGACACGATTTACGTTTCAGTCATTTACG,GaxgtRF+QSFT,G,x,R,F,+,Q,S,F,T,145,268,40,289,68.29787104,127.8859029,17.79168692,126.1082471,0.26050134,0.986099674,0.623300507,0.513075502
522,CAGGCACAGGGACACGATTTACGTTTCAGTCATTTACG,QaxgtRF+QSFT,Q,x,R,F,+,Q,S,F,T,279,190,1,146,131.4145243,90.6653789,0.444792173,63.70866464,0.00338465,0.702679076,0.353031863,0.49447583
523,GGGGCACGAGGGACACTATTTACGTTTCAGTCATTTACG,GaRgtLF+QSFT,G,R,L,F,+,Q,S,F,T,4253,6446,1114,181,2003.247211,3075.942276,495.4984808,78.98128973,0.247347645,0.025677104,0.136512375,0.156744743
524,CAGGCACGAGGGACACTATTTACGTTTCAGTCATTTACG,QaRgtLF+QSFT,Q,R,L,F,+,Q,S,F,T,6456,6131,1016,245,3040.90383,2925.628621,451.9088479,106.9083756,0.148610043,0.036542019,0.092576031,0.07924406
525,GGGGCACCAGGGACACTATTTACGTTTCAGTCATTTACG,GaPgtLF+QSFT,G,P,L,F,+,Q,S,F,T,3969,5104,2952,1430,1869.477587,2435.558389,1313.026495,623.9958249,0.702349418,0.256202367,0.479275893,0.315473605
526,CAGGCACCAGGGACACTATTTACGTTTCAGTCATTTACG,QaPgtLF+QSFT,Q,P,L,F,+,Q,S,F,T,6921,6203,26858,24936,3259.928038,2959.986028,11946.22818,10881.09083,3.664568066,3.676061552,3.670314809,0.008127122
529,GGGGCACGAGGGACACGATATCCGTCATTTACG,GaRgtRY-PSFT,G,R,R,Y,-,P,S,F,T,171,204,1,163,80.54438584,97.34598577,0.444792173,71.12679682,0.005522324,0.730659783,0.368091053,0.512749615
531,GGGGCACCAGGGACACGATATCCGTCATTTACG,GaPgtRY-PSFT,G,P,R,Y,-,P,S,F,T,474,322,1,1,223.2633853,153.6539579,0.444792173,0.436360717,0.001992231,0.002839892,0.002416062,0.000599387
533,GGGGCACAGGGACACGATATCCGTCATTTACG,GaxgtRY-PSFT,G,x,R,Y,-,P,S,F,T,4116,2329,2292,892,1938.717498,1111.366671,1019.463661,389.2337593,0.525844359,0.350229829,0.438037094,0.124178225
537,GGGGCACCAGGGACACTATATCCGTCATTTACG,GaPgtLY-PSFT,G,P,L,Y,-,P,S,F,T,156,147,1,1,73.47908884,70.1463721,0.444792173,0.436360717,0.006053316,0.006220717,0.006137017,0.00011837
539,GGGGCACAGGGACACTATATCCGTCATTTACG,GaxgtLY-PSFT,G,x,L,Y,-,P,S,F,T,3565,4246,1286,844,1679.185588,2026.132625,572.0027346,368.2884449,0.340642951,0.18176917,0.261206061,0.112340728
541,GGGGCACGAGGGACACGATTTCCGTCATTTACG,GaRgtRF-PSFT,G,R,R,F,-,P,S,F,T,317,58,1,163,149.3132767,27.67679987,0.444792173,71.12679682,0.002978919,2.569906823,1.286442871,1.815092127
543,GGGGCACCAGGGACACGATTTCCGTCATTTACG,GaPgtRF-PSFT,G,P,R,F,-,P,S,F,T,781,711,1,1,367.866464,339.2793916,0.444792173,0.436360717,0.001209113,0.00128614,0.001247626,5.45E-05
545,GGGGCACAGGGACACGATTTCCGTCATTTACG,GaxgtRF-PSFT,G,x,R,F,-,P,S,F,T,6666,5965,1504,969,3139.817989,2846.415711,668.9674283,422.8335345,0.213059302,0.148549466,0.180804384,0.045615342
549,GGGGCACCAGGGACACTATTTCCGTCATTTACG,GaPgtLF-PSFT,G,P,L,F,-,P,S,F,T,136,566,338,1,64.05869284,270.0873919,150.3397545,0.436360717,2.346906374,0.001615628,1.174261001,1.65837099
551,GGGGCACAGGGACACTATTTCCGTCATTTACG,GaxgtLF-PSFT,G,x,L,F,-,P,S,F,T,6071,5192,1146,372,2859.561207,2477.550775,509.7318304,162.3261866,0.178255261,0.065518813,0.121887037,0.079716707
553,GGGGCACGAGGGACACGATATACGTTTCCGTCATTTACG,GaRgtRY+PSFT,G,R,R,Y,+,P,S,F,T,4374,2227,799,321,2060.240606,1062.693678,355.3889463,140.0717901,0.172498758,0.131808246,0.152153502,0.028772537
554,CAGGCACGAGGGACACGATATACGTTTCCGTCATTTACG,QaRgtRY+PSFT,Q,R,R,Y,+,P,S,F,T,5894,3389,1307,1139,2776.190703,1617.184048,581.3433702,497.0148563,0.209403255,0.307333514,0.258368385,0.06924715
555,GGGGCACCAGGGACACGATATACGTTTCCGTCATTTACG,GaPgtRY+PSFT,G,P,R,Y,+,P,S,F,T,7890,5314,288,1009,3716.346224,2535.767492,128.1001458,440.2879632,0.034469379,0.173631046,0.104050213,0.098402159
556,CAGGCACCAGGGACACGATATACGTTTCCGTCATTTACG,QaPgtRY+PSFT,Q,P,R,Y,+,P,S,F,T,5449,5816,2052,2590,2566.586892,2775.314967,912.7135392,1130.174256,0.35561373,0.407223782,0.381418756,0.036493817
559,GGGGCACGAGGGACACTATATACGTTTCCGTCATTTACG,GaRgtLY+PSFT,G,R,L,Y,+,P,S,F,T,2207,3662,14,138,1039.540699,1747.455882,6.227090423,60.21777891,0.005990232,0.034460257,0.020225245,0.020131347
560,CAGGCACGAGGGACACTATATACGTTTCCGTCATTTACG,QaRgtLY+PSFT,Q,R,L,Y,+,P,S,F,T,4178,3479,1212,473,1967.920725,1660.130806,539.0881138,206.398619,0.273937922,0.124326721,0.199132321,0.105791095
561,GGGGCACCAGGGACACTATATACGTTTCCGTCATTTACG,GaPgtLY+PSFT,G,P,L,Y,+,P,S,F,T,3570,2986,1001,397,1681.540687,1424.878007,445.2369653,173.2352045,0.264779181,0.121578973,0.193179077,0.101257838
562,CAGGCACCAGGGACACTATATACGTTTCCGTCATTTACG,QaPgtLY+PSFT,Q,P,L,Y,+,P,S,F,T,2731,3512,233,174,1286.355075,1675.877951,103.6365763,75.92676471,0.080566073,0.045305665,0.062935869,0.024932873
565,GGGGCACGAGGGACACGATTTACGTTTCCGTCATTTACG,GaRgtRF+PSFT,G,R,R,F,+,P,S,F,T,7044,5591,1766,1332,3317.863473,2667.948071,785.5029777,581.2324747,0.236749638,0.217857492,0.227303565,0.013358765
566,CAGGCACGAGGGACACGATTTACGTTTCCGTCATTTACG,QaRgtRF+PSFT,Q,R,R,F,+,P,S,F,T,5754,7342,556,1140,2710.247931,3503.501115,247.3044482,497.4512171,0.091247906,0.141986887,0.116617396,0.035877878
567,GGGGCACCAGGGACACGATTTACGTTTCCGTCATTTACG,GaPgtRF+PSFT,G,P,R,F,+,P,S,F,T,10290,9854,1851,2162,4846.793745,4702.192861,823.3103124,943.4118695,0.169867,0.200632321,0.185249661,0.021754367
568,CAGGCACCAGGGACACGATTTACGTTTCCGTCATTTACG,QaPgtRF+PSFT,Q,P,R,F,+,P,S,F,T,6345,7424,18710,17503,2988.620633,3542.630384,8322.061558,7637.621625,2.784582783,2.155918286,2.470250534,0.444532929
571,GGGGCACGAGGGACACTATTTACGTTTCCGTCATTTACG,GaRgtLF+PSFT,G,R,L,F,+,P,S,F,T,3274,3767,1607,1388,1542.118826,1797.560433,714.7810221,605.6686748,0.463505801,0.336939256,0.400222529,0.089496063
572,CAGGCACGAGGGACACTATTTACGTTTCCGTCATTTACG,QaRgtLF+PSFT,Q,R,L,F,+,P,S,F,T,5475,5653,24330,21286,2578.833406,2697.533615,10821.79357,9288.374216,4.196391106,3.443283955,3.819837531,0.532527174
573,GGGGCACCAGGGACACTATTTACGTTTCCGTCATTTACG,GaPgtLF+PSFT,G,P,L,F,+,P,S,F,T,4374,2837,117903,130175,2060.240606,1353.777263,52442.33158,56803.2563,25.45446945,41.95908578,33.70677762,11.67052612
574,CAGGCACCAGGGACACTATTTACGTTTCCGTCATTTACG,QaPgtLF+PSFT,Q,P,L,F,+,P,S,F,T,5063,4769,168085,222449,2384.773249,2275.70101,74762.89241,97068.00507,31.35010528,42.65411169,37.00210848,7.993139589
581,GGGGCACAGGGACACGATATCAGACATTGACG,GaxgtRY-QTLT,G,x,R,Y,-,Q,T,L,T,2945,2076,1704,1128,1387.153312,990.638561,757.9258629,492.2148885,0.546389398,0.496866272,0.521627835,0.035018138
587,GGGGCACAGGGACACTATATCAGACATTGACG,GaxgtLY-QTLT,G,x,L,Y,-,Q,T,L,T,1837,3490,1953,1008,865.2633731,1665.379855,868.679114,439.8516024,1.003947632,0.264114881,0.634031256,0.523140755
589,GGGGCACGAGGGACACGATTTCAGACATTGACG,GaRgtRF-QTLT,G,R,R,F,-,Q,T,L,T,61,310,1,1,28.73220782,147.9277235,0.444792173,0.436360717,0.015480612,0.002949824,0.009215218,0.008860606
591,GGGGCACCAGGGACACGATTTCAGACATTGACG,GaPgtRF-QTLT,G,P,R,F,-,Q,T,L,T,162,271,1,3,76.30520764,129.3174615,0.444792173,1.30908215,0.005829119,0.010123012,0.007976065,0.00303624
593,GGGGCACAGGGACACGATTTCAGACATTGACG,GaxgtRF-QTLT,G,x,R,F,-,Q,T,L,T,2547,1910,3562,4143,1199.687431,911.425651,1584.349721,1807.842449,1.320635425,1.983532554,1.652083989,0.468739055
599,GGGGCACAGGGACACTATTTCAGACATTGACG,GaxgtLF-QTLT,G,x,L,F,-,Q,T,L,T,3456,2617,1217,1926,1627.84443,1248.796298,541.3120746,840.4307404,0.332533051,0.672992659,0.502762855,0.240741297
601,GGGGCACGAGGGACACGATATACGTTTCAGACATTGACG,GaRgtRY+QTLT,G,R,R,Y,+,Q,T,L,T,3001,4375,472,723,1413.530421,2087.689646,209.9419057,315.4887982,0.14852309,0.15111863,0.14982086,0.001835324
602,CAGGCACGAGGGACACGATATACGTTTCAGACATTGACG,QaRgtRY+QTLT,Q,R,R,Y,+,Q,T,L,T,9474,9933,2906,1315,4462.441588,4739.890572,1292.566055,573.8143425,0.289654448,0.121060673,0.205357561,0.119213802
603,GGGGCACCAGGGACACGATATACGTTTCAGACATTGACG,GaPgtRY+QTLT,G,P,R,Y,+,Q,T,L,T,6552,6505,4,331,3086.121731,3104.096262,1.779168692,144.4353972,0.000576506,0.046530579,0.023553543,0.032494437
604,CAGGCACCAGGGACACGATATACGTTTCAGACATTGACG,QaPgtRY+QTLT,Q,P,R,Y,+,Q,T,L,T,5682,4650,603,155,2676.334505,2218.915852,268.2096804,67.63591109,0.100215306,0.030481512,0.065348409,0.049309238
607,GGGGCACGAGGGACACTATATACGTTTCAGACATTGACG,GaRgtLY+QTLT,G,R,L,Y,+,Q,T,L,T,2708,2140,5,128,1275.521619,1021.178478,2.223960865,55.85417174,0.00174357,0.054695798,0.028219684,0.03744288
608,CAGGCACGAGGGACACTATATACGTTTCAGACATTGACG,QaRgtLY+QTLT,Q,R,L,Y,+,Q,T,L,T,3889,6180,776,256,1831.796003,2949.010745,345.1587263,111.7083435,0.1884264,0.037879938,0.113153169,0.106452424
609,GGGGCACCAGGGACACTATATACGTTTCAGACATTGACG,GaPgtLY+QTLT,G,P,L,Y,+,Q,T,L,T,2482,1196,3,637,1169.071144,570.7147009,1.334376519,277.9617765,0.001141399,0.487041557,0.244091478,0.343583297
610,CAGGCACCAGGGACACTATATACGTTTCAGACATTGACG,QaPgtLY+QTLT,Q,P,L,Y,+,Q,T,L,T,3548,3899,2223,427,1671.178251,1860.549012,988.7730008,186.326026,0.5916622,0.100145723,0.345903962,0.347554634
613,GGGGCACGAGGGACACGATTTACGTTTCAGACATTGACG,GaRgtRF+QTLT,G,R,R,F,+,Q,T,L,T,6633,6252,1079,528,3124.274335,2983.368152,479.9307548,230.3984584,0.153613513,0.077227632,0.115420572,0.054012974
614,CAGGCACGAGGGACACGATTTACGTTTCAGACATTGACG,QaRgtRF+QTLT,Q,R,R,F,+,Q,T,L,T,5966,8593,3963,2597,2810.104128,4100.461057,1762.711382,1133.228781,0.62727618,0.276366186,0.451821183,0.248130836
615,GGGGCACCAGGGACACGATTTACGTTTCAGACATTGACG,GaPgtRF+QTLT,G,P,R,F,+,Q,T,L,T,7569,7402,3001,1315,3565.148868,3532.132287,1334.821311,573.8143425,0.374408296,0.162455507,0.268431901,0.149873254
616,CAGGCACCAGGGACACGATTTACGTTTCAGACATTGACG,QaPgtRF+QTLT,Q,P,R,F,+,Q,T,L,T,5266,4264,2004,519,2480.390268,2034.721977,891.3635149,226.471212,0.35936422,0.111303271,0.235333746,0.175405579
619,GGGGCACGAGGGACACTATTTACGTTTCAGACATTGACG,GaRgtLF+QTLT,G,R,L,F,+,Q,T,L,T,2120,1966,418,72,998.5619765,938.1480785,185.9231283,31.4179716,0.186190875,0.033489352,0.109840114,0.107976282
620,CAGGCACGAGGGACACTATTTACGTTTCAGACATTGACG,QaRgtLF+QTLT,Q,R,L,F,+,Q,T,L,T,5203,5262,339,308,2450.716021,2510.953809,150.7845467,134.3991007,0.061526732,0.053525119,0.057525925,0.005657995
621,GGGGCACCAGGGACACTATTTACGTTTCAGACATTGACG,GaPgtLF+QTLT,G,P,L,F,+,Q,T,L,T,4494,3481,2,668,2116.762982,1661.085179,0.889584346,291.4889588,0.000420257,0.175481042,0.08795065,0.123786669
622,CAGGCACCAGGGACACTATTTACGTTTCAGACATTGACG,QaPgtLF+QTLT,Q,P,L,F,+,Q,T,L,T,4987,4438,719,246,2348.975744,2117.752377,319.8055724,107.3447363,0.136146818,0.050688049,0.093417433,0.060428475
629,GGGGCACAGGGACACGATATCCGACATTGACG,GaxgtRY-PTLT,G,x,R,Y,-,P,T,L,T,3154,4075,3084,1670,1485.59645,1944.533784,1371.739062,728.7223969,0.923359141,0.3747543,0.64905672,0.387922203
635,GGGGCACAGGGACACTATATCCGACATTGACG,GaxgtLY-PTLT,G,x,L,Y,-,P,T,L,T,1697,3009,951,752,799.320601,1435.85329,422.9973566,328.143259,0.529196115,0.228535367,0.378865741,0.212599253
639,GGGGCACCAGGGACACGATTTCCGACATTGACG,GaPgtRF-PTLT,G,P,R,F,-,P,T,L,T,253,99,1,241,119.1680095,47.24143427,0.444792173,105.1629327,0.00373248,2.226074088,1.114903284,1.571432822
641,GGGGCACAGGGACACGATTTCCGACATTGACG,GaxgtRF-PTLT,G,x,R,F,-,P,T,L,T,5086,3689,1443,627,2395.606704,1760.339909,641.8351058,273.5981694,0.267921736,0.155423488,0.211672612,0.079548273
643,GGGGCACGAGGGACACTATTTCCGACATTGACG,GaRgtLF-PTLT,G,R,L,F,-,P,T,L,T,111,313,1,1,52.28319783,149.3592821,0.444792173,0.436360717,0.008507364,0.002921551,0.005714457,0.003949766
647,GGGGCACAGGGACACTATTTCCGACATTGACG,GaxgtLF-PTLT,G,x,L,F,-,P,T,L,T,5423,4028,3036,3649,2554.340377,1922.106033,1350.389037,1592.280255,0.528664484,0.828403963,0.678534224,0.211947818
649,GGGGCACGAGGGACACGATATACGTTTCCGACATTGACG,GaRgtRY+PTLT,G,R,R,Y,+,P,T,L,T,3524,1525,778,734,1659.873776,727.7089622,346.0483107,320.2887661,0.20847869,0.440133051,0.324305871,0.16380437
650,CAGGCACGAGGGACACGATATACGTTTCCGACATTGACG,QaRgtRY+PTLT,Q,R,R,Y,+,P,T,L,T,2932,5191,1998,744,1381.030054,2477.073589,888.6947618,324.6523732,0.643501392,0.13106287,0.387282131,0.362348754
651,GGGGCACCAGGGACACGATATACGTTTCCGACATTGACG,GaPgtRY+PTLT,G,P,R,Y,+,P,T,L,T,2347,2908,5,428,1105.483471,1387.657483,2.223960865,186.7623868,0.002011754,0.134588246,0.0683,0.093745736
652,CAGGCACCAGGGACACGATATACGTTTCCGACATTGACG,QaPgtRY+PTLT,Q,P,R,Y,+,P,T,L,T,2565,3762,1427,1327,1208.165788,1795.174502,634.718431,579.0506711,0.525357064,0.322559545,0.423958305,0.143399501
655,GGGGCACGAGGGACACTATATACGTTTCCGACATTGACG,GaRgtLY+PTLT,G,R,L,Y,+,P,T,L,T,1589,1215,2,161,748.4504626,579.7812388,0.889584346,70.25407539,0.001188568,0.12117342,0.061180994,0.084842102
656,CAGGCACGAGGGACACTATATACGTTTCCGACATTGACG,QaRgtLY+PTLT,Q,R,L,Y,+,P,T,L,T,2445,2624,966,380,1151.643412,1252.136601,429.6692392,165.8170724,0.373092257,0.132427302,0.252759779,0.170175821
657,GGGGCACCAGGGACACTATATACGTTTCCGACATTGACG,GaPgtLY+PTLT,G,P,L,Y,+,P,T,L,T,2831,2427,426,304,1333.457055,1158.130919,189.4814657,132.6536579,0.142097914,0.114541159,0.128319537,0.019485568
658,CAGGCACCAGGGACACTATATACGTTTCCGACATTGACG,QaPgtLY+PTLT,Q,P,L,Y,+,P,T,L,T,1100,2986,4,542,518.1217803,1424.878007,1.779168692,236.5075085,0.003433881,0.165984391,0.084709136,0.114940568
661,GGGGCACGAGGGACACGATTTACGTTTCCGACATTGACG,GaRgtRF+PTLT,G,R,R,F,+,P,T,L,T,3097,3798,1040,831,1458.748321,1812.353206,462.58386,362.6157556,0.317110123,0.20008007,0.258595096,0.082752745
662,CAGGCACGAGGGACACGATTTACGTTTCCGACATTGACG,QaRgtRF+PTLT,Q,R,R,F,+,P,T,L,T,6139,7462,1343,458,2891.590554,3560.76346,597.3558884,199.8532083,0.206583843,0.056126505,0.131355174,0.106389404
663,GGGGCACCAGGGACACGATTTACGTTTCCGACATTGACG,GaPgtRF+PTLT,G,P,R,F,+,P,T,L,T,5008,5662,1258,1240,2358.86716,2701.828291,559.5485537,541.0872887,0.23721071,0.20026709,0.2187389,0.026123084
664,CAGGCACCAGGGACACGATTTACGTTTCCGACATTGACG,QaPgtRF+PTLT,Q,P,R,F,+,P,T,L,T,2878,4292,30234,20974,1355.594985,2048.083191,13447.84656,9152.229672,9.920253991,4.468680625,7.194467308,3.854844495
667,GGGGCACGAGGGACACTATTTACGTTTCCGACATTGACG,GaRgtLF+PTLT,G,R,L,F,+,P,T,L,T,1986,1123,1,136,935.4453233,535.8801079,0.444792173,59.34505747,0.000475487,0.110743162,0.055609324,0.077971021
668,CAGGCACGAGGGACACTATTTACGTTTCCGACATTGACG,QaRgtLF+PTLT,Q,R,L,F,+,P,T,L,T,5714,3422,5129,2689,2691.407139,1632.931193,2281.339056,1173.373967,0.847638034,0.718569143,0.783103588,0.091265488
669,GGGGCACCAGGGACACTATTTACGTTTCCGACATTGACG,GaPgtLF+PTLT,G,P,L,F,+,P,T,L,T,2186,1859,6541,3070,1029.649283,887.0891546,2909.385604,1339.6274,2.825608342,1.510138404,2.167873373,0.930177713
670,CAGGCACCAGGGACACTATTTACGTTTCCGACATTGACG,QaPgtLF+PTLT,Q,P,L,F,+,P,T,L,T,2016,4061,70253,76401,949.5759173,1937.853177,31247.98454,33338.39512,32.90730521,17.20377762,25.05554142,11.10407085
675,GGGGCACCAGGGACACGATATCAGTCATTGACG,GaPgtRY-QSLT,G,P,R,Y,-,Q,S,L,T,592,369,1,1,278.8437218,176.0817095,0.444792173,0.436360717,0.001595131,0.002478172,0.002036651,0.000624404
677,GGGGCACAGGGACACGATATCAGTCATTGACG,GaxgtRY-QSLT,G,x,R,Y,-,Q,S,L,T,3108,3846,331,1905,1463.929539,1835.258143,147.2262093,831.2671653,0.100569191,0.452942911,0.276756051,0.249165847
683,GGGGCACAGGGACACTATATCAGTCATTGACG,GaxgtLY-QSLT,G,x,L,Y,-,Q,S,L,T,3363,4131,275,355,1584.039588,1971.256212,122.3178476,154.9080544,0.077218933,0.07858342,0.077901177,0.000964838
685,GGGGCACGAGGGACACGATTTCAGTCATTGACG,GaRgtRF-QSLT,G,R,R,F,-,Q,S,L,T,298,604,1,2,140.3639005,288.2204677,0.444792173,0.872721433,0.00316885,0.003027965,0.003098408,9.96E-05
689,GGGGCACAGGGACACGATTTCAGTCATTGACG,GaxgtRF-QSLT,G,x,R,F,-,Q,S,L,T,3038,1819,2292,1196,1430.958153,868.0017064,1019.463661,521.8874172,0.712434293,0.601251603,0.656842948,0.078618034
695,GGGGCACAGGGACACTATTTCAGTCATTGACG,GaxgtLF-QSLT,G,x,L,F,-,Q,S,L,T,3318,2997,1381,1412,1562.843697,1430.127056,614.257991,616.141332,0.393038659,0.430829785,0.411934222,0.026722362
697,GGGGCACGAGGGACACGATATACGTTTCAGTCATTGACG,GaRgtRY+QSLT,G,R,R,Y,+,Q,S,L,T,6337,5260,1246,1030,2984.852474,2509.999437,554.2110477,449.4515382,0.185674519,0.179064398,0.182369459,0.004674061
698,CAGGCACGAGGGACACGATATACGTTTCAGTCATTGACG,QaRgtRY+QSLT,Q,R,R,Y,+,Q,S,L,T,7909,12910,978,626,3725.2956,6160.473903,435.0067453,273.1618087,0.116771068,0.044341038,0.080556053,0.051215765
699,GGGGCACCAGGGACACGATATACGTTTCAGTCATTGACG,GaPgtRY+QSLT,G,P,R,Y,+,Q,S,L,T,9941,7099,2677,540,4682.407834,3387.544867,1190.708647,235.634787,0.254294092,0.069559163,0.161926628,0.130627321
700,CAGGCACCAGGGACACGATATACGTTTCAGTCATTGACG,QaPgtRY+QSLT,Q,P,R,Y,+,Q,S,L,T,7027,6808,1532,1109,3309.856136,3248.683682,681.4216092,483.9240348,0.205876504,0.148960035,0.177418269,0.040246021
703,GGGGCACGAGGGACACTATATACGTTTCAGTCATTGACG,GaRgtLY+QSLT,G,R,L,Y,+,Q,S,L,T,1902,3172,885,564,895.8796601,1513.634641,393.6410732,246.1074442,0.439390569,0.162593692,0.30099213,0.195724949
704,CAGGCACGAGGGACACTATATACGTTTCAGTCATTGACG,QaRgtLY+QSLT,Q,R,L,Y,+,Q,S,L,T,6425,4897,1817,973,3026.302217,2336.780845,808.1873785,424.5789774,0.267054418,0.181693965,0.224374192,0.060358955
705,GGGGCACCAGGGACACTATATACGTTTCAGTCATTGACG,GaPgtLY+QSLT,G,P,L,Y,+,Q,S,L,T,4693,5240,1569,548,2210.495923,2500.455713,697.8789196,239.1256728,0.315711471,0.095632837,0.205672154,0.155619095
706,CAGGCACCAGGGACACTATATACGTTTCAGTCATTGACG,QaPgtLY+QSLT,Q,P,L,Y,+,Q,S,L,T,5251,6043,1633,1604,2473.324971,2883.636235,726.3456186,699.9225896,0.293671728,0.24272222,0.268196974,0.036026743
709,GGGGCACGAGGGACACGATTTACGTTTCAGTCATTGACG,GaRgtRF+QSLT,G,R,R,F,+,Q,S,L,T,6099,5636,1978,676,2872.749762,2689.42145,879.7989184,294.9798445,0.30625672,0.109681524,0.207969122,0.138999654
710,CAGGCACGAGGGACACGATTTACGTTTCAGTCATTGACG,QaRgtRF+QSLT,Q,R,R,F,+,Q,S,L,T,9655,9841,1800,2058,4547.696172,4695.989441,800.6259115,898.030355,0.17605088,0.19123347,0.183642175,0.010735712
711,GGGGCACCAGGGACACGATTTACGTTTCAGTCATTGACG,GaPgtRF+QSLT,G,P,R,F,+,Q,S,L,T,11708,11687,9193,3994,5514.699821,5576.875175,4088.974447,1742.824703,0.741468181,0.312509183,0.526988682,0.303319817
712,CAGGCACCAGGGACACGATTTACGTTTCAGTCATTGACG,QaPgtRF+QSLT,Q,P,R,F,+,Q,S,L,T,8093,9483,19268,13005,3811.963243,4525.15678,8570.255591,5674.871121,2.248252421,1.254071714,1.751162068,0.702991919
715,GGGGCACGAGGGACACTATTTACGTTTCAGTCATTGACG,GaRgtLF+QSLT,G,R,L,F,+,Q,S,L,T,3629,4716,1079,872,1709.330855,2250.410142,479.9307548,380.506545,0.280771129,0.169083199,0.224927164,0.078975293
716,CAGGCACGAGGGACACTATTTACGTTTCAGTCATTGACG,QaRgtLF+QSLT,Q,R,L,F,+,Q,S,L,T,6847,6115,1499,1983,3225.072572,2917.993642,666.7434674,865.3033012,0.206737508,0.296540503,0.251639005,0.063500306
717,GGGGCACCAGGGACACTATTTACGTTTCAGTCATTGACG,GaPgtLF+QSLT,G,P,L,F,+,Q,S,L,T,5851,8899,1089,569,2755.936851,4246.480036,484.3786765,248.2892478,0.175758264,0.058469425,0.117113845,0.082935733
718,CAGGCACCAGGGACACTATTTACGTTTCAGTCATTGACG,QaPgtLF+QSLT,Q,P,L,F,+,Q,S,L,T,6819,5401,5725,6013,3211.884018,2577.282692,2546.435191,2623.83699,0.79281667,1.018063326,0.905439998,0.159273438
725,GGGGCACAGGGACACGATATCCGTCATTGACG,GaxgtRY-PSLT,G,x,R,Y,-,P,S,L,T,2409,2829,537,853,1134.686699,1349.959773,238.8533969,372.2156914,0.210501628,0.275723543,0.243112585,0.046118859
731,GGGGCACAGGGACACTATATCCGTCATTGACG,GaxgtLY-PSLT,G,x,L,Y,-,P,S,L,T,2097,1643,636,808,987.7285211,784.0169344,282.8878221,352.5794591,0.286402403,0.449708984,0.368055694,0.115475191
733,GGGGCACGAGGGACACGATTTCCGTCATTGACG,GaRgtRF-PSLT,G,R,R,F,-,P,S,L,T,77,923,1,157,36.26852462,440.442867,0.444792173,68.50863252,0.012263862,0.155544879,0.08390437,0.101314979
735,GGGGCACCAGGGACACGATTTCCGTCATTGACG,GaPgtRF-PSLT,G,P,R,F,-,P,S,L,T,332,899,206,4,156.3785737,428.9903981,91.62718765,1.745442867,0.585931854,0.004068722,0.295000288,0.411439366
737,GGGGCACAGGGACACGATTTCCGTCATTGACG,GaxgtRF-PSLT,G,x,R,F,-,P,S,L,T,4027,3615,1089,1380,1896.796736,1725.02813,484.3786765,602.1777891,0.255366676,0.349082881,0.302224778,0.066267364
739,GGGGCACGAGGGACACTATTTCCGTCATTGACG,GaRgtLF-PSLT,G,R,L,F,-,P,S,L,T,163,609,1,1,76.77622744,290.6063987,0.444792173,0.436360717,0.005793358,0.001501552,0.003647455,0.003034765
743,GGGGCACAGGGACACTATTTCCGTCATTGACG,GaxgtLF-PSLT,G,x,L,F,-,P,S,L,T,4853,3751,1588,1920,2285.859091,1789.925454,706.3299709,837.8125761,0.308999786,0.468071212,0.388535499,0.112480483
745,GGGGCACGAGGGACACGATATACGTTTCCGTCATTGACG,GaRgtRY+PSLT,G,R,R,Y,+,P,S,L,T,3534,2749,254,1149,1664.583974,1311.784877,112.977212,501.3784635,0.06787114,0.382210889,0.225041014,0.222271768
746,CAGGCACGAGGGACACGATATACGTTTCCGTCATTGACG,QaRgtRY+PSLT,Q,R,R,Y,+,P,S,L,T,6145,4161,1653,1130,2894.416673,1985.571798,735.2414621,493.0876099,0.254020601,0.248335321,0.251177961,0.0040201
747,GGGGCACCAGGGACACGATATACGTTTCCGTCATTGACG,GaPgtRY+PSLT,G,P,R,Y,+,P,S,L,T,7080,5797,974,327,3334.820186,2766.248429,433.2275766,142.6899544,0.129910326,0.05158248,0.090746403,0.055386151
748,CAGGCACCAGGGACACGATATACGTTTCCGTCATTGACG,QaPgtRY+PSLT,Q,P,R,Y,+,P,S,L,T,6426,5051,2391,866,3026.773236,2410.26752,1063.498086,377.8883807,0.351363648,0.156782754,0.254073201,0.137589469
751,GGGGCACGAGGGACACTATATACGTTTCCGTCATTGACG,GaRgtLY+PSLT,G,R,L,Y,+,P,S,L,T,2805,2070,277,126,1321.21054,987.7754438,123.2074319,54.98145031,0.093253443,0.055661892,0.074457668,0.026581241
752,CAGGCACGAGGGACACTATATACGTTTCCGTCATTGACG,QaRgtLY+PSLT,Q,R,L,Y,+,P,S,L,T,3312,5083,378,7,1560.017578,2425.537479,168.1314414,3.054525017,0.107775351,0.001259319,0.054517335,0.075318208
753,GGGGCACCAGGGACACTATATACGTTTCCGTCATTGACG,GaPgtLY+PSLT,G,P,L,Y,+,P,S,L,T,3573,2966,591,280,1682.953746,1415.334283,262.8721743,122.1810007,0.15619691,0.086326603,0.121261756,0.049405768
754,CAGGCACCAGGGACACTATATACGTTTCCGTCATTGACG,QaPgtLY+PSLT,Q,P,L,Y,+,P,S,L,T,4078,1405,238,8,1920.818745,670.4466177,105.8605372,3.490885734,0.055112195,0.005206806,0.030159501,0.035288439
757,GGGGCACGAGGGACACGATTTACGTTTCCGTCATTGACG,GaRgtRF+PSLT,G,R,R,F,+,P,S,L,T,7004,7400,584,503,3299.022681,3531.177915,259.7586291,219.4894405,0.078738055,0.062157571,0.070447813,0.011724173
758,CAGGCACGAGGGACACGATTTACGTTTCCGTCATTGACG,QaRgtRF+PSLT,Q,R,R,F,+,P,S,L,T,9821,9856,4663,4579,4625.885458,4703.147234,2074.065903,1998.095722,0.448360843,0.424842265,0.436601554,0.016630146
759,GGGGCACCAGGGACACGATTTACGTTTCCGTCATTGACG,GaPgtRF+PSLT,G,P,R,F,+,P,S,L,T,9454,9029,1567,2038,4453.021192,4308.514243,696.9893352,889.3031407,0.156520552,0.206405988,0.18146327,0.03527433
760,CAGGCACCAGGGACACGATTTACGTTTCCGTCATTGACG,QaPgtRF+PSLT,Q,P,R,F,+,P,S,L,T,7450,9305,29220,20430,3509.097512,4440.217635,12996.8273,8914.849442,3.703752105,2.00775056,2.855751333,1.199254194
763,GGGGCACGAGGGACACTATTTACGTTTCCGTCATTGACG,GaRgtLF+PSLT,G,R,L,F,+,P,S,L,T,3479,5614,1473,1262,1638.677885,2678.923353,655.1788709,550.6872245,0.399821635,0.205562889,0.302692262,0.137361676
764,CAGGCACGAGGGACACTATTTACGTTTCCGTCATTGACG,QaRgtLF+PSLT,Q,R,L,F,+,P,S,L,T,4488,4701,4846,2788,2113.936864,2243.252348,2155.462871,1216.573678,1.01964392,0.542325824,0.780984872,0.337514863
765,GGGGCACCAGGGACACTATTTACGTTTCCGTCATTGACG,GaPgtLF+PSLT,G,P,L,F,+,P,S,L,T,4532,6477,88537,100596,2134.661735,3090.735048,39380.56463,43896.14266,18.44815222,14.20249293,16.32532257,3.002134479
766,CAGGCACCAGGGACACTATTTACGTTTCCGTCATTGACG,QaPgtLF+PSLT,Q,P,L,F,+,P,S,L,T,4535,3362,151435,172378,2136.074794,1604.30002,67357.10273,75218.98763,31.53311996,46.88586092,39.20949044,10.85602724
770,CAGGCACGAGGGACACGATATCAGACATTTACTG,QaRgtRY-QTFx,Q,R,R,Y,-,Q,T,F,x,4997,2453,1035,1844,2353.685942,1170.53776,460.3598991,804.6491616,0.195591048,0.687418372,0.44150471,0.347774436
772,CAGGCACCAGGGACACGATATCAGACATTTACTG,QaPgtRY-QTFx,Q,P,R,Y,-,Q,T,F,x,3472,4099,2824,2527,1635.380747,1955.986253,1256.093097,1102.683531,0.768073795,0.563748099,0.665910947,0.144480086
776,CAGGCACGAGGGACACTATATCAGACATTTACTG,QaRgtLY-QTFx,Q,R,L,Y,-,Q,T,F,x,3515,2499,2199,2830,1655.634598,1192.488326,978.0979886,1234.900828,0.590769237,1.035566388,0.813167813,0.314519082
778,CAGGCACCAGGGACACTATATCAGACATTTACTG,QaPgtLY-QTFx,Q,P,L,Y,-,Q,T,F,x,2918,3811,1823,1152,1374.435777,1818.556626,810.8561315,502.6875457,0.589955635,0.276421167,0.433188401,0.221702348
782,CAGGCACGAGGGACACGATTTCAGACATTTACTG,QaRgtRF-QTFx,Q,R,R,F,-,Q,T,F,x,7688,5639,4141,5163,3621.200224,2690.853009,1841.884389,2252.93038,0.508639201,0.837255091,0.672947146,0.232366524
784,CAGGCACCAGGGACACGATTTCAGACATTTACTG,QaPgtRF-QTFx,Q,P,R,F,-,Q,T,F,x,5188,4917,5184,4811,2443.650724,2346.324569,2305.802625,2099.331408,0.943589279,0.894731887,0.919160583,0.034547394
788,CAGGCACGAGGGACACTATTTCAGACATTTACTG,QaRgtLF-QTFx,Q,R,L,F,-,Q,T,F,x,3349,5538,6016,3896,1577.445311,2642.657202,2675.869713,1700.061352,1.69633121,0.643315127,1.169823168,0.744594813
790,CAGGCACCAGGGACACTATTTCAGACATTTACTG,QaPgtLF-QTFx,Q,P,L,F,-,Q,T,F,x,2234,2039,3062,2109,1052.258234,972.9826715,1361.953634,920.2847515,1.294315017,0.945838789,1.120076903,0.246409904
818,CAGGCACGAGGGACACGATATCCGACATTTACTG,QaRgtRY-PTFx,Q,R,R,Y,-,P,T,F,x,3538,2997,1765,3175,1666.468053,1430.127056,785.0581855,1385.445276,0.47109105,0.968756776,0.719923913,0.351902809
820,CAGGCACCAGGGACACGATATCCGACATTTACTG,QaPgtRY-PTFx,Q,P,R,Y,-,P,T,F,x,4330,4189,1145,1507,2039.515735,1998.933012,509.2870382,657.5956001,0.249709786,0.328973305,0.289341546,0.056047772
824,CAGGCACGAGGGACACTATATCCGACATTTACTG,QaRgtLY-PTFx,Q,R,L,Y,-,P,T,F,x,2978,2124,6588,6405,1402.696965,1013.543499,2930.290836,2794.890391,2.089040548,2.757543602,2.423292075,0.472703043
826,CAGGCACCAGGGACACTATATCCGACATTTACTG,QaPgtLY-PTFx,Q,P,L,Y,-,P,T,F,x,2669,2637,557,2053,1257.151847,1258.340022,247.7492404,895.8485514,0.19707185,0.711928839,0.454500345,0.364058868
830,CAGGCACGAGGGACACGATTTCCGACATTTACTG,QaRgtRF-PTFx,Q,R,R,F,-,P,T,F,x,3926,6884,7799,4706,1849.223736,3284.949833,3468.934158,2053.513533,1.875886671,0.625127821,1.250507246,0.884420064
832,CAGGCACCAGGGACACGATTTCCGACATTTACTG,QaPgtRF-PTFx,Q,P,R,F,-,P,T,F,x,3404,4287,5793,6164,1603.3514,2045.69726,2576.681059,2689.727458,1.607059475,1.314821851,1.460940663,0.206643205
836,CAGGCACGAGGGACACTATTTCCGACATTTACTG,QaRgtLF-PTFx,Q,R,L,F,-,P,T,F,x,6428,3495,4765,5119,3027.715276,1667.765786,2119.434705,2233.730509,0.700011233,1.339355039,1.019683136,0.452084341
838,CAGGCACCAGGGACACTATTTCCGACATTTACTG,QaPgtLF-PTFx,Q,P,L,F,-,P,T,F,x,3453,2971,2721,2072,1626.43137,1417.720214,1210.279503,904.139405,0.744131923,0.637741774,0.690936849,0.075229195
866,CAGGCACGAGGGACACGATATCAGTCATTTACTG,QaRgtRY-QSFx,Q,R,R,Y,-,Q,S,F,x,3945,4180,3066,5448,1858.173112,1994.638336,1363.732803,2377.293185,0.733910524,1.19184172,0.962876122,0.323806254
868,CAGGCACCAGGGACACGATATCAGTCATTTACTG,QaPgtRY-QSFx,Q,P,R,Y,-,Q,S,F,x,4598,5894,6327,9676,2165.749042,2812.535491,2814.200079,4222.226295,1.299411901,1.501217072,1.400314487,0.142697805
872,CAGGCACGAGGGACACTATATCAGTCATTTACTG,QaRgtLY-QSFx,Q,R,L,Y,-,Q,S,F,x,3151,3711,2379,3554,1484.183391,1770.838006,1058.16058,1550.825987,0.712958106,0.875758247,0.794358177,0.115117083
874,CAGGCACCAGGGACACTATATCAGTCATTTACTG,QaPgtLY-QSFx,Q,P,L,Y,-,Q,S,F,x,4686,3488,1585,1243,2207.198784,1664.425482,704.9955943,542.3963709,0.319407386,0.325876032,0.322641709,0.004574023
878,CAGGCACGAGGGACACGATTTCAGTCATTTACTG,QaRgtRF-QSFx,Q,R,R,F,-,Q,S,F,x,5096,7667,3196,3832,2400.316902,3658.586632,1421.555785,1672.134266,0.59223671,0.457043781,0.524640245,0.095595837
880,CAGGCACCAGGGACACGATTTCAGTCATTTACTG,QaPgtRF-QSFx,Q,P,R,F,-,Q,S,F,x,6731,5737,3183,3347,3170.434276,2737.617257,1415.773487,1460.499319,0.446555066,0.533492882,0.490023974,0.061474319
884,CAGGCACGAGGGACACTATTTCAGTCATTTACTG,QaRgtLF-QSFx,Q,R,L,F,-,Q,S,F,x,5879,5539,5167,2763,2769.125406,2643.134388,2298.241158,1205.66466,0.829951996,0.456149587,0.643050792,0.264318218
886,CAGGCACCAGGGACACTATTTCAGTCATTTACTG,QaPgtLF-QSFx,Q,P,L,F,-,Q,S,F,x,3894,2795,3692,4369,1834.151102,1333.735442,1642.172703,1906.459971,0.895331198,1.429413893,1.162372546,0.377653496
914,CAGGCACGAGGGACACGATATCCGTCATTTACTG,QaRgtRY-PSFx,Q,R,R,Y,-,P,S,F,x,6865,2806,6808,5148,3233.550929,1338.98449,3028.145114,2246.38497,0.936476703,1.67767811,1.307077407,0.524108541
916,CAGGCACCAGGGACACGATATCCGTCATTTACTG,QaPgtRY-PSFx,Q,P,R,Y,-,P,S,F,x,5490,5082,7399,5997,2585.898703,2425.060292,3291.017289,2616.855218,1.272678347,1.079088725,1.175883536,0.136888535
920,CAGGCACGAGGGACACTATATCCGTCATTTACTG,QaRgtLY-PSFx,Q,R,L,Y,-,P,S,F,x,4834,4570,4878,2482,2276.909714,2180.740956,2169.69622,1083.047299,0.952912716,0.496641885,0.724777301,0.322632199
922,CAGGCACCAGGGACACTATATCCGTCATTTACTG,QaPgtLY-PSFx,Q,P,L,Y,-,P,S,F,x,4611,4769,2068,3302,2171.872299,2275.70101,919.8302139,1440.863087,0.423519474,0.633151315,0.528335394,0.148232096
926,CAGGCACGAGGGACACGATTTCCGTCATTTACTG,QaRgtRF-PSFx,Q,R,R,F,-,P,S,F,x,9498,6144,3423,4651,4473.746063,2931.832042,1522.523608,2029.513693,0.340324101,0.692233956,0.516279029,0.248837845
928,CAGGCACCAGGGACACGATTTCCGTCATTTACTG,QaPgtRF-PSFx,Q,P,R,F,-,P,S,F,x,4878,7444,3257,4119,2297.634586,3552.174108,1448.688108,1797.369792,0.63051284,0.505991468,0.568252154,0.088049906
932,CAGGCACGAGGGACACTATTTCCGTCATTTACTG,QaRgtLF-PSFx,Q,R,L,F,-,P,S,F,x,4260,4967,4646,4957,2006.544349,2370.183879,2066.504436,2163.040073,1.029882264,0.912604331,0.971243297,0.082928022
934,CAGGCACCAGGGACACTATTTCCGTCATTTACTG,QaPgtLF-PSFx,Q,P,L,F,-,P,S,F,x,6111,4450,1971,3944,2878.401999,2123.478611,876.6853731,1721.006667,0.30457364,0.810465741,0.55751969,0.357719736
962,CAGGCACGAGGGACACGATATCAGACATTGACTG,QaRgtRY-QTLx,Q,R,R,Y,-,Q,T,L,x,3326,6882,5148,5213,1566.611856,3283.995461,2289.790107,2274.748416,1.461619289,0.692677089,1.077148189,0.543724244
964,CAGGCACCAGGGACACGATATCAGACATTGACTG,QaPgtRY-QTLx,Q,P,R,Y,-,Q,T,L,x,4880,5014,1852,1890,2298.576625,2392.611631,823.7551045,824.7217546,0.358376177,0.344695204,0.351535691,0.009673909
966,CAGGCACAGGGACACGATATCAGACATTGACTG,QaxgtRY-QTLx,Q,x,R,Y,-,Q,T,L,x,144,216,1,1,67.82685124,103.0722202,0.444792173,0.436360717,0.006557759,0.004233543,0.005395651,0.001643469
968,CAGGCACGAGGGACACTATATCAGACATTGACTG,QaRgtLY-QTLx,Q,R,L,Y,-,Q,T,L,x,5080,3618,3301,2422,2392.780585,1726.459689,1468.258963,1056.865656,0.613620393,0.612157737,0.612889065,0.001034254
970,CAGGCACCAGGGACACTATATCAGACATTGACTG,QaPgtLY-QTLx,Q,P,L,Y,-,Q,T,L,x,2528,3928,862,305,1190.738055,1874.387412,383.4108532,133.0900186,0.321994289,0.071004541,0.196499415,0.177476552
974,CAGGCACGAGGGACACGATTTCAGACATTGACTG,QaRgtRF-QTLx,Q,R,R,F,-,Q,T,L,x,6251,5889,2347,3837,2944.344771,2810.14956,1043.92723,1674.31607,0.354553326,0.595810306,0.475181816,0.170594447
976,CAGGCACCAGGGACACGATTTCAGACATTGACTG,QaPgtRF-QTLx,Q,P,R,F,-,Q,T,L,x,5039,5759,1567,1099,2373.468774,2748.115353,696.9893352,479.5604277,0.293658523,0.174505203,0.234081863,0.084254121
980,CAGGCACGAGGGACACTATTTCAGACATTGACTG,QaRgtLF-QTLx,Q,R,L,F,-,Q,T,L,x,6396,5896,2812,1907,3012.642642,2813.489863,1250.755591,832.1398868,0.415168919,0.295767864,0.355468392,0.084429296
982,CAGGCACCAGGGACACTATTTCAGACATTGACTG,QaPgtLF-QTLx,Q,P,L,F,-,Q,T,L,x,2542,3179,1694,1963,1197.332332,1516.974945,753.4779412,856.5760869,0.629297248,0.564660669,0.596978958,0.045704963
1010,CAGGCACGAGGGACACGATATCCGACATTGACTG,QaRgtRY-PTLx,Q,R,R,Y,-,P,T,L,x,8000,4692,1133,1258,3768.158402,2238.957673,503.9495321,548.9417816,0.133738946,0.245177382,0.189458164,0.078798874
1012,CAGGCACCAGGGACACGATATCCGACATTGACTG,QaPgtRY-PTLx,Q,P,R,Y,-,P,T,L,x,4659,4329,2299,4914,2194.481249,2065.73908,1022.577206,2144.276562,0.465976734,1.038019071,0.751997903,0.404495016
1014,CAGGCACAGGGACACGATATCCGACATTGACTG,QaxgtRY-PTLx,Q,x,R,Y,-,P,T,L,x,627,309,1,1,295.3294148,147.4505373,0.444792173,0.436360717,0.001506088,0.00295937,0.002232729,0.001027625
1016,CAGGCACGAGGGACACTATATCCGACATTGACTG,QaRgtLY-PTLx,Q,R,L,Y,-,P,T,L,x,4967,3306,4798,3067,2339.555348,1577.577593,2134.112846,1338.318318,0.912187373,0.848337555,0.880262464,0.045148639
1018,CAGGCACCAGGGACACTATATCCGACATTGACTG,QaPgtLY-PTLx,Q,P,L,Y,-,P,T,L,x,1788,3179,4596,3453,842.1834029,1516.974945,2044.264827,1506.753555,2.427339248,0.993261992,1.71030062,1.014045753
1022,CAGGCACGAGGGACACGATTTCCGACATTGACTG,QaRgtRF-PTLx,Q,R,R,F,-,P,T,L,x,6263,6953,1213,2159,2949.997009,3317.875682,539.5329059,942.1027874,0.182892696,0.283947585,0.233420141,0.071456597
1024,CAGGCACCAGGGACACGATTTCCGACATTGACTG,QaPgtRF-PTLx,Q,P,R,F,-,P,T,L,x,5317,8020,8272,8600,2504.412278,3827.033362,3679.320856,3752.702164,1.469135449,0.980577332,1.22485639,0.345462757
1028,CAGGCACGAGGGACACTATTTCCGACATTGACTG,QaRgtLF-PTLx,Q,R,L,F,-,P,T,L,x,2671,4902,3209,5681,1258.093886,2339.166776,1427.338083,2478.965232,1.134524298,1.059764211,1.097144254,0.052863365
1030,CAGGCACCAGGGACACTATTTCCGACATTGACTG,QaPgtLF-PTLx,Q,P,L,F,-,P,T,L,x,2837,4692,1791,640,1336.283173,2238.957673,796.622782,279.2708587,0.59614818,0.124732532,0.360440356,0.333341202
1058,CAGGCACGAGGGACACGATATCAGTCATTGACTG,QaRgtRY-QSLx,Q,R,R,Y,-,Q,S,L,x,6573,8785,3037,2514,3096.013147,4192.080809,1350.83383,1097.010842,0.436313984,0.261686473,0.349000228,0.123480297
1060,CAGGCACCAGGGACACGATATCAGTCATTGACTG,QaPgtRY-QSLx,Q,P,R,Y,-,Q,S,L,x,5090,1610,3583,2480,2397.490783,768.2697896,1593.690356,1082.174577,0.664732631,1.408586661,1.036659646,0.525984229
1064,CAGGCACGAGGGACACTATATCAGTCATTGACTG,QaRgtLY-QSLx,Q,R,L,Y,-,Q,S,L,x,4497,6441,1744,1615,2118.176042,3073.556345,775.7175499,704.7225575,0.366219584,0.229285713,0.297752649,0.096826869
1066,CAGGCACCAGGGACACTATATCAGTCATTGACTG,QaPgtLY-QSLx,Q,P,L,Y,-,Q,S,L,x,2278,2411,1729,2939,1072.983105,1150.49594,769.0456673,1282.464146,0.716736045,1.114705495,0.91572077,0.281406897
1070,CAGGCACGAGGGACACGATTTCAGTCATTGACTG,QaRgtRF-QSLx,Q,R,R,F,-,Q,S,L,x,13010,8690,2739,4603,6127.967601,4146.748119,1218.285762,2008.568379,0.198807474,0.484371927,0.341589701,0.201924561
1072,CAGGCACCAGGGACACGATTTCAGTCATTGACTG,QaPgtRF-QSLx,Q,P,R,F,-,Q,S,L,x,8332,6370,12788,10902,3924.536976,3039.676124,5688.002309,4757.204534,1.449343539,1.565036648,1.507190094,0.081807382
1076,CAGGCACGAGGGACACTATTTCAGTCATTGACTG,QaRgtLF-QSLx,Q,R,L,F,-,Q,S,L,x,7419,8673,4413,3365,3494.495898,4138.635954,1962.86786,1468.353812,0.561702723,0.35479173,0.458247226,0.146308166
1078,CAGGCACCAGGGACACTATTTCAGTCATTGACTG,QaPgtLF-QSLx,Q,P,L,F,-,Q,S,L,x,2769,3456,1233,1506,1304.253827,1649.155524,548.4287494,657.1592394,0.420492344,0.398482272,0.409487308,0.015563472
1106,CAGGCACGAGGGACACGATATCCGTCATTGACTG,QaRgtRY-PSLx,Q,R,R,Y,-,P,S,L,x,8108,6358,3069,2798,3819.028541,3033.94989,1365.067179,1220.937285,0.357438329,0.402425,0.379931665,0.03181038
1108,CAGGCACCAGGGACACGATATCCGTCATTGACTG,QaPgtRY-PSLx,Q,P,R,Y,-,P,S,L,x,5240,6549,2407,2843,2468.143753,3125.092455,1070.614761,1240.573518,0.433773259,0.396971781,0.41537252,0.026022575
1110,CAGGCACAGGGACACGATATCCGTCATTGACTG,QaxgtRY-PSLx,Q,x,R,Y,-,P,S,L,x,210,302,1,1,98.91415805,144.1102338,0.444792173,0.436360717,0.004496749,0.003027965,0.003762357,0.001038587
1112,CAGGCACGAGGGACACTATATCCGTCATTGACTG,QaRgtLY-PSLx,Q,R,L,Y,-,P,S,L,x,6337,5694,978,756,2984.852474,2717.09825,435.0067453,329.8887018,0.145738106,0.121412136,0.133575121,0.017201058
1114,CAGGCACCAGGGACACTATATCCGTCATTGACTG,QaPgtLY-PSLx,Q,P,L,Y,-,P,S,L,x,3236,4467,2673,4694,1524.220074,2131.590777,1188.929479,2048.277204,0.780024813,0.960914837,0.870469825,0.127908562
1118,CAGGCACGAGGGACACGATTTCCGTCATTGACTG,QaRgtRF-PSLx,Q,R,R,F,-,P,S,L,x,11836,6896,9924,9508,5574.990356,3290.676068,4414.117526,4148.917695,0.791771329,1.260810122,1.026290726,0.331660511
1120,CAGGCACCAGGGACACGATTTCCGTCATTGACTG,QaPgtRF-PSLx,Q,P,R,F,-,P,S,L,x,8073,7396,2930,2415,3802.542847,3529.26917,1303.241067,1053.811131,0.342728832,0.298591884,0.320660358,0.031209535
1124,CAGGCACGAGGGACACTATTTCCGTCATTGACTG,QaRgtLF-PSLx,Q,R,L,F,-,P,S,L,x,2632,3613,2489,1673,1239.724114,1724.073758,1107.087719,730.0314791,0.893011361,0.423434018,0.65822269,0.332041323
1126,CAGGCACCAGGGACACTATTTCCGTCATTGACTG,QaPgtLF-PSLx,Q,P,L,F,-,P,S,L,x,3931,6314,1016,1060,1851.578835,3012.953697,451.9088479,462.5423597,0.24406676,0.153517912,0.198792336,0.064027705
1128,CAGGCACAGGGACACTATTTCCGTCATTGACTG,QaxgtLF-PSLx,Q,x,L,F,-,P,S,L,x,193,239,1,1,90.90682145,114.0475029,0.444792173,0.436360717,0.004892836,0.003826131,0.004359484,0.000754274