ID,name,position,mutation,sequence,len,plasmid,inA,inB,negA,negB,plasmid_norm,inA_norm,inB_norm,negA_norm,negB_norm,inAvPlasmid,inBvPlasmid,enrichA,enrichB,invPlasmidAvg,enrichAvg,invPlasmidStDev,enrichStdDev
2,Hs324stop,324,stop,TGACCACAGATAATATATGGGGCACGAGGGACAAGATACCAGACATTTGTGAATTTCAATTATTGTACTGGCATCCTGGGCTCTCAAAGT,90,43505,413,8201,10375,1024,2630.377673,1742.005964,2559.43884,2000.520232,656.4780083,0.040041512,0.058830912,1.148400334,0.256492946,0.049436212,0.70244664,0.013286113,0.630673762
4,Hs328stop,328,stop,AAACCACAGATATGATATGGGGCACGAGGGACAAGATACCAGACATTTGTGAATTTCAATTATTGTACTGGCATCCTGGGCTCTCAAAGT,90,109817,1338,13029,24333,4745,6639.700836,5643.593172,4066.202737,4691.91892,3041.980615,0.051390888,0.037027079,0.831370862,0.748113366,0.044208984,0.789742114,0.010156747,0.05887194
6,Hs330stop,330,stop,AAACCACAGATAATATATTGAGCACGAGGGACAAGATACCAGACATTTGTGAATTTCAATTATTGTACTGGCATCCTGGGCTCTCAAAGT,90,58404,855,12370,6426,2446,3531.193601,3606.33196,3860.536331,1239.069206,1568.110555,0.06174803,0.066100547,0.343581572,0.406189819,0.063924288,0.374885696,0.003077694,0.044270716
8,Hs333stop,333,stop,AAACCACAGATAATATATGGGGCACGATGAACAAGATACCAGACATTTGTGAATTTCAATTATTGTACTGGCATCCTGGGCTCTCAAAGT,90,109886,886,5925,12482,3712,6643.87268,3737.087855,1849.125122,2406.794557,2379.73278,0.034008771,0.016827668,0.644029429,1.286950651,0.02541822,0.96549004,0.012148875,0.454613956
10,Hs336stop,336,stop,AAACCACAGATAATATATGGGGCACGAGGGACAAGATGACAGACATTTGTGAATTTCAATTATTGTACTGGCATCCTGGGCTCTCAAAGT,90,35248,298,3447,7131,1788,2131.147045,1256.943771,1075.769501,1375.008171,1146.272147,0.035660003,0.030520015,1.093929739,1.065536944,0.033090009,1.079733342,0.00363452,0.020076737
12,Hs340stop,340,stop,AAACCACAGATAATATATGGGGCACGAGGGACAAGATACCAGACATTTTGAAATTTCAATTATTGTACTGGCATCCTGGGCTCTCAAAGT,90,35617,176,2072,1274,1548,2153.45734,742.3560525,646.6476376,245.6542434,992.4101141,0.020842745,0.01815559,0.330911619,1.534699976,0.019499167,0.932805798,0.001900106,0.85120691
14,Hs345stop,345,stop,AAACCACAGATAATATATGGGGCACGAGGGACAAGATACCAGACATTTGTGAATTTCAATTATTGAACTGGCATCCTGGGCTCTCAAAGT,90,20479,50,4277,2007,544,1238.191113,210.8966058,1334.803063,386.9922029,348.7539419,0.010298189,0.065179113,1.834985449,0.261277451,0.037738651,1.04813145,0.038806674,1.112779597
1,Hs324syn,324,syn,AAGCCACAGATAATATATGGGGCACGAGGGACAAGATACCAGACATTTGTGAATTTCAATTATTGTACTGGCATCCTGGGCTCTCAAAGT,90,61547,1438,10116,10812,2972,3721.224104,6065.386384,3157.088563,2084.783108,1905.324844,0.098548855,0.051295572,0.343718104,0.603506936,0.074922213,0.47361252,0.033413117,0.183698445
3,Hs328syn,328,syn,AAACCACAGATAATCTATGGGGCACGAGGGACAAGATACCAGACATTTGTGAATTTCAATTATTGTACTGGCATCCTGGGCTCTCAAAGT,90,54713,861,4840,11384,2348,3308.030194,3631.639552,1510.50896,2195.07685,1505.283558,0.066376173,0.027607862,0.604431364,0.996540635,0.046992018,0.800486,0.027413336,0.277263124
5,Hs330syn,330,syn,AAACCACAGATAATATATGGCGCACGAGGGACAAGATACCAGACATTTGTGAATTTCAATTATTGTACTGGCATCCTGGGCTCTCAAAGT,90,93754,498,7578,12273,3938,5668.507719,2100.530194,2365.007624,2366.494921,2524.619528,0.022404699,0.025225672,1.126617902,1.067488959,0.023815186,1.097053431,0.001994729,0.041810476
7,Hs333syn,333,syn,AAACCACAGATAATATATGGGGCACGAGGCACAAGATACCAGACATTTGTGAATTTCAATTATTGTACTGGCATCCTGGGCTCTCAAAGT,90,32562,496,2031,3550,396,1968.747449,2092.09433,633.8520038,684.5153564,253.8723548,0.064249565,0.019466003,0.32719144,0.400523077,0.041857784,0.363857258,0.03166676,0.051853298
9,Hs336syn,336,syn,AAACCACAGATAATATATGGGGCACGAGGGACAAGATATCAGACATTTGTGAATTTCAATTATTGTACTGGCATCCTGGGCTCTCAAAGT,90,12354,158,1810,1949,523,746.9414037,666.4332744,564.880417,375.8085717,335.291014,0.053944736,0.045724495,0.563910276,0.593561051,0.049834616,0.578735664,0.005812588,0.020966264
11,Hs340syn,340,syn,AAACCACAGATAATATATGGGGCACGAGGGACAAGATACCAGACATTTGTTAATTTCAATTATTGTACTGGCATCCTGGGCTCTCAAAGT,90,35172,327,5208,3537,964,2126.551971,1379.263802,1625.357576,682.0086804,618.0125,0.039214824,0.04621169,0.494472979,0.380231716,0.042713257,0.437352347,0.004947531,0.080780771
13,Hs345syn,345,syn,AAACCACAGATAATATATGGGGCACGAGGGACAAGATACCAGACATTTGTGAATTTCAATTATTGCACTGGCATCCTGGGCTCTCAAAGT,90,21811,932,3055,5633,412,1318.725834,3931.112733,953.4307591,1086.161973,264.1298237,0.180235328,0.043713299,0.276298862,0.277030944,0.111974313,0.276664903,0.096535652,0.000517661
0,HsWT_notordered,0,WT,AAACCACAGATAATATATGGGGCACGAGGGACAAGATACCAGACATTTGTGAATTTCAATTATTGTACTGGCATCCTGGGCTCTCAAAGT,90,1764060,17277,192627,231134,59660,106657.7184,72873.21318,60116.69618,44567.54152,38247.53709,0.04130994,0.034078601,0.611576457,0.636221541,0.03769427,0.623898999,0.005113329,0.017426706
,,,,,,,,,,,,,,,,,,,,,,,
,,,,,,,,,,,,,,,,,,STOP,,,,,
,,,,,,,,,,,,,,,,,A,0.889601286,0.794180165,,,,
,,,,,,,,,,,,,,,,,SD,0.528590306,0.514875123,,,,
,,,,,,,,,,,,,,,,,A-2SD,-0.167579326,-0.23557008,,,,
,,,,,,,,,,,,,,,,,A+2SD,1.946781898,1.82393041,,,,
,,,,,,,,,,,,,,,,,,SYN,,,,,
,,,,,,,,,,,,,,,,,A,0.533805847,0.616983331,,,,
,,,,,,,,,,,,,,,,,SD,0.28982758,0.307197895,,,,
,,,,,,,,,,,,,,,,,A-2SD,-0.045849314,0.002587542,,,,
,,,,,,,,,,,,,,,,,A+2SD,1.113461008,1.23137912,,,,