"Position","syn","stop","del1","del2","del3","del4","del5","del6","del7","del8","del9","dupe1","dupe2","dupe3","dupe4","dupe5","dupe6","dupe7","dupe8","dupe9","WT"
"K324",0.473612519899083,0.702446640214622,1.15443427920209,2.55198498327715,0.121516810255123,0.474654622741096,0.87853692178152,1.2298213330008,0.853588128050768,0.513906182011969,0.46321444054189,0.522807989371728,NA,0.21337945351329,NA,0.7806975080311,0.768597911363424,0.0908111183889208,0.37291928682299,0.292382622716037,0.623898998949157
"P325",NA,NA,0.653491555408257,0.521556365737639,1.1613745958282,0.704916387930792,0.546261486172951,0.983012937320652,1.83670306090581,0.648980198696304,0.641377236843133,2.04133982713084,0.476654850061716,0.156076180023393,1.60647032391055,0.828666515917186,0.354733873579508,0.0914979869498135,0.385807686099312,0.734411484868331,NA
"Q326",NA,NA,0.583584319530757,0.405888060685269,0.448089702790626,0.614936174119606,1.07367399653147,2.47494813374153,1.4644910100939,0.370195926318252,0.833285334627692,0.827313928887367,0.00329877505518487,0.360949775886741,0.205070907087016,0.42776197739615,0.291818387528605,0.196803918372604,0.461514803458916,0.389605220039617,NA
"I327",NA,NA,0.700254883178387,1.07427163811198,0.571369103995949,1.0222230862177,0.981709000837078,0.743652257478763,0.691282367770571,1.1929217629061,1.14924733409967,0.626960816655311,0.867422677879212,2.5194943108649,0.671198573048948,0.787270490217912,0.502588786336902,0.382625592290472,0.496375910202445,0.52297486390962,NA
"I328",0.800485999583495,0.789742113831352,0.700254883178387,0.495328056563249,0.991458918006633,0.425453760482254,0.309592681443763,0.747092440263651,0.937142444786159,0.160932448308632,1.4029504842974,0.51942610811883,1.10854735971392,0.914006859755492,0.573113957848298,0.564759774384582,0.373045760283468,0.422803677394895,0.404262827647187,0.510505033870475,NA
"Y329",NA,NA,0.706029210570915,NA,1.16732453672552,0.421724281355818,1.15243753428682,0.68846358897426,1.43043755417573,1.14416993980192,0.905494394404525,0.691620859872833,0.979832032734605,0.458162955446111,0.606050943920005,0.231035258443183,0.466570880755168,0.224747772622917,0.472703687914661,0.409784503859456,NA
"G330",1.09705343084983,0.374885695962559,1.22813957938761,0.468751029225764,0.559402842183076,0.583654413558127,0.825351124848749,0.485553203568318,0.685033548812886,3.19363441225155,0.918878073418746,0.669316382699124,0.368598234558804,0.919592442325104,2.2111529080739,0.739213335699318,10.4880501157643,NA,0.795867449808467,0.30444500280799,NA
"A331",NA,NA,1.22354742268586,0.175325964140446,0.559402842183076,1.26630603833566,0.873244877325799,1.2781716670377,0.723086392952799,0.822469334237202,1.07603657477352,0.299688611093353,0.635686177704655,0.377889355792404,0.468373631700339,1.36816622150379,0.269893978263198,0.856127594279754,0.4357764745913,0.581069432747484,NA
"R332",NA,NA,0.510541730549837,0.855521492450442,0.138088915314408,0.551181421595056,0.926136226057841,0.819169342483854,0.738539050639539,0.873249172675642,1.01405413793046,NA,0.20319049024147,0.957230534293373,6.06204409412765,0.48613604001697,0.154640511742971,NA,0.0513928861580634,0.267549587888299,NA
"G333",0.363857258369743,0.965490040132935,0.538781966024384,0.835464909498249,0.543078253569226,1.21749372848187,0.752938054307192,1.71795178507433,0.411169335352436,2.07967825705322,1.39048357138227,0.609020826256166,0.617552771959317,0.559702121611052,0.340304737985708,0.766067254201234,0.636001084083729,0.362420825064613,0.497556778609432,0.232743401117581,NA
"T334",NA,NA,0.349048285653099,0.764681808059734,0.91590961165429,0.560502600544329,0.224939669490736,0.937607449098943,0.88154713365198,1.36020609167046,1.63333528990241,0.975185763994813,1.23562112974893,0.655081953844037,0.296999886983923,0.765146509841235,1.81720446283059,0.0017909066078619,0.216899482394859,0.116722803187806,NA
"R335",NA,NA,0.718167882578565,1.8521059558844,0.334247950342634,0.560502600544329,0.910325701975047,0.947312086373152,0.761976799703328,0.690716674237005,1.17442256867679,0.634045702489581,0.575094673582759,0.725765731665894,0.30155892620386,0.737257386503854,0.176299897094603,0.3604575887273,0.546987712421826,0.491713984225483,NA
"Y336",0.578735663502448,1.07973334159022,0.462792636530437,0.603998574589445,0.853935789857895,0.528178452687921,0.624523442939992,0.52538951870024,1.41271689503787,0.873596147175514,1.56106075876376,0.991814416102438,0.302474554066619,0.240170763622409,0.42862698576205,0.484710579373982,0.117400944633869,3.15225821191803,0.420781459164157,NA,NA
"Q337",NA,NA,0.698654227741682,0.524516722916682,0.796977445131304,1.11542053986264,0.899070066160498,0.461966051018954,1.34639322780008,0.404818173502776,1.36988566837388,0.302363219525147,0.402841177453002,0.219039864552083,2.36485332335781,0.400166087436582,1.03175072748227,0.649016934795918,0.787024191267269,1.75572751021959,NA
"T338",NA,NA,0.306271638054352,0.93301812867319,0.536057773260298,0.942967666062949,0.421968387837633,2.0047967368281,1.41606854794577,0.921840063851089,2.70722803006649,0.663581270157901,1.03058467457898,0.545994658379854,0.083356619423048,0.576742645795268,0.786955986419743,0.386919951652239,0.564210171463764,4.2608851726964,NA
"F339",NA,NA,0.524633425595482,0.931670928507716,1.23170208189749,1.87724176121993,1.66857798249445,1.10555560619375,0.955353916255339,0.844428324166228,3.23190956680202,81.7629171431643,0.351140916036632,0.571667300092384,0.239656327126109,0.654018238812978,1.16980941640969,0.788341194886331,0.231008093588208,NA,NA
"V340",0.43735234725123,0.932805797804007,0.987434109313921,1.00434945261053,0.958307130290146,2.2325094746008,1.81961923502855,0.896292081949069,1.00085421209724,1.14913060057401,1.37750026596332,2.14276114894731,0.357205336370603,0.188432051974848,0.818689708072229,0.610308466574643,0.600255325107489,0.134642520179996,2.65751707958894,0.707222136985695,NA
"N341",NA,NA,0.254330787325047,0.312504804830859,0.559871270315934,0.646460949403346,1.88985793318924,0.807767774007358,1.05566044635055,0.916319161333048,1.8287231959212,1.02129976592225,0.50239411959799,0.362141093415456,0.662218145180644,2.12823572554786,0.794210143725032,0.30105038787457,NA,0.588353510677451,NA
"F342",NA,NA,0.813110556265633,0.312504804830859,1.26533505841858,1.09105918357081,0.710802334463061,2.13079520644732,2.13344252360444,1.4124273385308,6.88100749032379,0.88894134642553,0.163382772967978,0.60088097182554,1.15229659104528,0.286963493891588,0.684747750797891,0.376946089101488,0.530532209282309,0.578918790724948,NA
"N343",NA,NA,0.568732539671468,0.630118387717807,0.725409036080907,0.602606018677719,0.74984087933392,1.11709334398572,2.01803842032065,4.20584183390058,4.03004987243156,0.550408334559079,0.729637485365439,0.222317017741864,0.441445349043231,0.401928992731313,2.12128569106813,1.06477931347805,0.443013337125243,0.86570442889298,NA
"Y344",NA,NA,0.612520089974288,0.462467893885003,0.394299693111517,1.06376007484532,1.64138975553306,1.34527394772983,1.89655766583058,1.83834971486067,2.11142616549943,0.355186036815185,0.758602655105167,0.648015100482197,0.528964496151374,0.343997860210906,16.0085821482817,0.13364082826488,0.344882297051392,0.581919665566662,NA
"C345",0.276664902982777,1.04813144991073,0.660806162727011,0.426931287257137,0.859644230122882,1.56836053105301,0.678388611029774,1.16548419419265,1.767275224017,0.984418733279054,2.33414990745331,1.25336712515932,0.547584623547336,0.764228207930584,0.78744852986414,0.346261524215104,0.858414535666281,0.313127143901446,0.366309720164292,0.595163191818291,NA
